--
-- PostgreSQL database dump
--

-- Dumped from database version 16.1
-- Dumped by pg_dump version 16.1

SET statement_timeout = 0;
SET lock_timeout = 0;
SET idle_in_transaction_session_timeout = 0;
SET client_encoding = 'UTF8';
SET standard_conforming_strings = on;
SELECT pg_catalog.set_config('search_path', '', false);
SET check_function_bodies = false;
SET xmloption = content;
SET client_min_messages = warning;
SET row_security = off;

SET default_tablespace = '';

SET default_table_access_method = heap;

--
-- Name: auth_group; Type: TABLE; Schema: public; Owner: postgres
--

CREATE TABLE public.auth_group (
    id integer NOT NULL,
    name character varying(150) NOT NULL
);


ALTER TABLE public.auth_group OWNER TO postgres;

--
-- Name: auth_group_id_seq; Type: SEQUENCE; Schema: public; Owner: postgres
--

ALTER TABLE public.auth_group ALTER COLUMN id ADD GENERATED BY DEFAULT AS IDENTITY (
    SEQUENCE NAME public.auth_group_id_seq
    START WITH 1
    INCREMENT BY 1
    NO MINVALUE
    NO MAXVALUE
    CACHE 1
);


--
-- Name: auth_group_permissions; Type: TABLE; Schema: public; Owner: postgres
--

CREATE TABLE public.auth_group_permissions (
    id bigint NOT NULL,
    group_id integer NOT NULL,
    permission_id integer NOT NULL
);


ALTER TABLE public.auth_group_permissions OWNER TO postgres;

--
-- Name: auth_group_permissions_id_seq; Type: SEQUENCE; Schema: public; Owner: postgres
--

ALTER TABLE public.auth_group_permissions ALTER COLUMN id ADD GENERATED BY DEFAULT AS IDENTITY (
    SEQUENCE NAME public.auth_group_permissions_id_seq
    START WITH 1
    INCREMENT BY 1
    NO MINVALUE
    NO MAXVALUE
    CACHE 1
);


--
-- Name: auth_permission; Type: TABLE; Schema: public; Owner: postgres
--

CREATE TABLE public.auth_permission (
    id integer NOT NULL,
    name character varying(255) NOT NULL,
    content_type_id integer NOT NULL,
    codename character varying(100) NOT NULL
);


ALTER TABLE public.auth_permission OWNER TO postgres;

--
-- Name: auth_permission_id_seq; Type: SEQUENCE; Schema: public; Owner: postgres
--

ALTER TABLE public.auth_permission ALTER COLUMN id ADD GENERATED BY DEFAULT AS IDENTITY (
    SEQUENCE NAME public.auth_permission_id_seq
    START WITH 1
    INCREMENT BY 1
    NO MINVALUE
    NO MAXVALUE
    CACHE 1
);


--
-- Name: authtoken_token; Type: TABLE; Schema: public; Owner: postgres
--

CREATE TABLE public.authtoken_token (
    key character varying(40) NOT NULL,
    created timestamp with time zone NOT NULL,
    user_id integer NOT NULL
);


ALTER TABLE public.authtoken_token OWNER TO postgres;

--
-- Name: django_admin_log; Type: TABLE; Schema: public; Owner: postgres
--

CREATE TABLE public.django_admin_log (
    id integer NOT NULL,
    action_time timestamp with time zone NOT NULL,
    object_id text,
    object_repr character varying(200) NOT NULL,
    action_flag smallint NOT NULL,
    change_message text NOT NULL,
    content_type_id integer,
    user_id integer NOT NULL,
    CONSTRAINT django_admin_log_action_flag_check CHECK ((action_flag >= 0))
);


ALTER TABLE public.django_admin_log OWNER TO postgres;

--
-- Name: django_admin_log_id_seq; Type: SEQUENCE; Schema: public; Owner: postgres
--

ALTER TABLE public.django_admin_log ALTER COLUMN id ADD GENERATED BY DEFAULT AS IDENTITY (
    SEQUENCE NAME public.django_admin_log_id_seq
    START WITH 1
    INCREMENT BY 1
    NO MINVALUE
    NO MAXVALUE
    CACHE 1
);


--
-- Name: django_content_type; Type: TABLE; Schema: public; Owner: postgres
--

CREATE TABLE public.django_content_type (
    id integer NOT NULL,
    app_label character varying(100) NOT NULL,
    model character varying(100) NOT NULL
);


ALTER TABLE public.django_content_type OWNER TO postgres;

--
-- Name: django_content_type_id_seq; Type: SEQUENCE; Schema: public; Owner: postgres
--

ALTER TABLE public.django_content_type ALTER COLUMN id ADD GENERATED BY DEFAULT AS IDENTITY (
    SEQUENCE NAME public.django_content_type_id_seq
    START WITH 1
    INCREMENT BY 1
    NO MINVALUE
    NO MAXVALUE
    CACHE 1
);


--
-- Name: django_migrations; Type: TABLE; Schema: public; Owner: postgres
--

CREATE TABLE public.django_migrations (
    id bigint NOT NULL,
    app character varying(255) NOT NULL,
    name character varying(255) NOT NULL,
    applied timestamp with time zone NOT NULL
);


ALTER TABLE public.django_migrations OWNER TO postgres;

--
-- Name: django_migrations_id_seq; Type: SEQUENCE; Schema: public; Owner: postgres
--

ALTER TABLE public.django_migrations ALTER COLUMN id ADD GENERATED BY DEFAULT AS IDENTITY (
    SEQUENCE NAME public.django_migrations_id_seq
    START WITH 1
    INCREMENT BY 1
    NO MINVALUE
    NO MAXVALUE
    CACHE 1
);


--
-- Name: django_session; Type: TABLE; Schema: public; Owner: postgres
--

CREATE TABLE public.django_session (
    session_key character varying(40) NOT NULL,
    session_data text NOT NULL,
    expire_date timestamp with time zone NOT NULL
);


ALTER TABLE public.django_session OWNER TO postgres;

--
-- Name: inventory_category; Type: TABLE; Schema: public; Owner: postgres
--

CREATE TABLE public.inventory_category (
    id bigint NOT NULL,
    name character varying(150) NOT NULL
);


ALTER TABLE public.inventory_category OWNER TO postgres;

--
-- Name: inventory_category_id_seq; Type: SEQUENCE; Schema: public; Owner: postgres
--

ALTER TABLE public.inventory_category ALTER COLUMN id ADD GENERATED BY DEFAULT AS IDENTITY (
    SEQUENCE NAME public.inventory_category_id_seq
    START WITH 1
    INCREMENT BY 1
    NO MINVALUE
    NO MAXVALUE
    CACHE 1
);


--
-- Name: inventory_inventory; Type: TABLE; Schema: public; Owner: postgres
--

CREATE TABLE public.inventory_inventory (
    id bigint NOT NULL,
    quantity integer NOT NULL,
    reserved_quantity integer NOT NULL,
    is_hidden boolean NOT NULL,
    item_id bigint NOT NULL,
    borrowed_quantity integer NOT NULL,
    CONSTRAINT inventory_inventory_borrowed_quantity_check CHECK ((borrowed_quantity >= 0)),
    CONSTRAINT inventory_inventory_quantity_check CHECK ((quantity >= 0)),
    CONSTRAINT inventory_inventory_reserved_quantity_check CHECK ((reserved_quantity >= 0))
);


ALTER TABLE public.inventory_inventory OWNER TO postgres;

--
-- Name: inventory_inventory_id_seq; Type: SEQUENCE; Schema: public; Owner: postgres
--

ALTER TABLE public.inventory_inventory ALTER COLUMN id ADD GENERATED BY DEFAULT AS IDENTITY (
    SEQUENCE NAME public.inventory_inventory_id_seq
    START WITH 1
    INCREMENT BY 1
    NO MINVALUE
    NO MAXVALUE
    CACHE 1
);


--
-- Name: inventory_itemcopy; Type: TABLE; Schema: public; Owner: postgres
--

CREATE TABLE public.inventory_itemcopy (
    id bigint NOT NULL,
    condition character varying(50) NOT NULL,
    is_reserved boolean NOT NULL,
    is_borrowed boolean NOT NULL,
    previous_is_borrowed boolean NOT NULL,
    display_id character varying(50) NOT NULL,
    inventory_id bigint NOT NULL
);


ALTER TABLE public.inventory_itemcopy OWNER TO postgres;

--
-- Name: inventory_itemcopy_id_seq; Type: SEQUENCE; Schema: public; Owner: postgres
--

ALTER TABLE public.inventory_itemcopy ALTER COLUMN id ADD GENERATED BY DEFAULT AS IDENTITY (
    SEQUENCE NAME public.inventory_itemcopy_id_seq
    START WITH 1
    INCREMENT BY 1
    NO MINVALUE
    NO MAXVALUE
    CACHE 1
);


--
-- Name: inventory_itemprofiling; Type: TABLE; Schema: public; Owner: postgres
--

CREATE TABLE public.inventory_itemprofiling (
    id bigint NOT NULL,
    name character varying(150) NOT NULL,
    returnable boolean NOT NULL,
    description text,
    image character varying(100) NOT NULL,
    "isDeleted" boolean NOT NULL,
    category_id bigint
);


ALTER TABLE public.inventory_itemprofiling OWNER TO postgres;

--
-- Name: inventory_itemprofiling_id_seq; Type: SEQUENCE; Schema: public; Owner: postgres
--

ALTER TABLE public.inventory_itemprofiling ALTER COLUMN id ADD GENERATED BY DEFAULT AS IDENTITY (
    SEQUENCE NAME public.inventory_itemprofiling_id_seq
    START WITH 1
    INCREMENT BY 1
    NO MINVALUE
    NO MAXVALUE
    CACHE 1
);


--
-- Name: posts_post; Type: TABLE; Schema: public; Owner: postgres
--

CREATE TABLE public.posts_post (
    id bigint NOT NULL,
    category character varying(30) NOT NULL,
    message text NOT NULL,
    title character varying(255) NOT NULL,
    images character varying(100),
    views integer NOT NULL,
    status character varying(20) NOT NULL,
    created_at timestamp with time zone NOT NULL,
    author_id integer NOT NULL,
    CONSTRAINT posts_post_views_check CHECK ((views >= 0))
);


ALTER TABLE public.posts_post OWNER TO postgres;

--
-- Name: posts_post_id_seq; Type: SEQUENCE; Schema: public; Owner: postgres
--

ALTER TABLE public.posts_post ALTER COLUMN id ADD GENERATED BY DEFAULT AS IDENTITY (
    SEQUENCE NAME public.posts_post_id_seq
    START WITH 1
    INCREMENT BY 1
    NO MINVALUE
    NO MAXVALUE
    CACHE 1
);


--
-- Name: transactions_inquiry; Type: TABLE; Schema: public; Owner: postgres
--

CREATE TABLE public.transactions_inquiry (
    id bigint NOT NULL,
    message text NOT NULL,
    inquiry_type character varying(20) NOT NULL,
    status character varying(20) NOT NULL,
    date_preferred date NOT NULL,
    date_created timestamp with time zone NOT NULL,
    inquirer_id integer NOT NULL,
    post_id bigint,
    status_updated_at timestamp with time zone NOT NULL
);


ALTER TABLE public.transactions_inquiry OWNER TO postgres;

--
-- Name: transactions_inquiry_id_seq; Type: SEQUENCE; Schema: public; Owner: postgres
--

ALTER TABLE public.transactions_inquiry ALTER COLUMN id ADD GENERATED BY DEFAULT AS IDENTITY (
    SEQUENCE NAME public.transactions_inquiry_id_seq
    START WITH 1
    INCREMENT BY 1
    NO MINVALUE
    NO MAXVALUE
    CACHE 1
);


--
-- Name: transactions_inquiryreply; Type: TABLE; Schema: public; Owner: postgres
--

CREATE TABLE public.transactions_inquiryreply (
    id bigint NOT NULL,
    message text NOT NULL
);


ALTER TABLE public.transactions_inquiryreply OWNER TO postgres;

--
-- Name: transactions_inquiryreply_id_seq; Type: SEQUENCE; Schema: public; Owner: postgres
--

ALTER TABLE public.transactions_inquiryreply ALTER COLUMN id ADD GENERATED BY DEFAULT AS IDENTITY (
    SEQUENCE NAME public.transactions_inquiryreply_id_seq
    START WITH 1
    INCREMENT BY 1
    NO MINVALUE
    NO MAXVALUE
    CACHE 1
);


--
-- Name: transactions_reserveditem; Type: TABLE; Schema: public; Owner: postgres
--

CREATE TABLE public.transactions_reserveditem (
    id bigint NOT NULL,
    quantity integer NOT NULL,
    inquiry_id bigint NOT NULL,
    inventory_id bigint,
    item_id bigint,
    CONSTRAINT transactions_reserveditem_quantity_check CHECK ((quantity >= 0))
);


ALTER TABLE public.transactions_reserveditem OWNER TO postgres;

--
-- Name: transactions_reserveditem_id_seq; Type: SEQUENCE; Schema: public; Owner: postgres
--

ALTER TABLE public.transactions_reserveditem ALTER COLUMN id ADD GENERATED BY DEFAULT AS IDENTITY (
    SEQUENCE NAME public.transactions_reserveditem_id_seq
    START WITH 1
    INCREMENT BY 1
    NO MINVALUE
    NO MAXVALUE
    CACHE 1
);


--
-- Name: transactions_transaction; Type: TABLE; Schema: public; Owner: postgres
--

CREATE TABLE public.transactions_transaction (
    id bigint NOT NULL,
    date_created timestamp with time zone NOT NULL,
    transaction_type character varying(20) NOT NULL,
    remarks text,
    is_active boolean NOT NULL,
    inquiry_id bigint,
    participant_id integer NOT NULL,
    return_date date
);


ALTER TABLE public.transactions_transaction OWNER TO postgres;

--
-- Name: transactions_transaction_id_seq; Type: SEQUENCE; Schema: public; Owner: postgres
--

ALTER TABLE public.transactions_transaction ALTER COLUMN id ADD GENERATED BY DEFAULT AS IDENTITY (
    SEQUENCE NAME public.transactions_transaction_id_seq
    START WITH 1
    INCREMENT BY 1
    NO MINVALUE
    NO MAXVALUE
    CACHE 1
);


--
-- Name: transactions_transactionitem; Type: TABLE; Schema: public; Owner: postgres
--

CREATE TABLE public.transactions_transactionitem (
    id bigint NOT NULL,
    quantity integer NOT NULL,
    return_date date,
    status character varying(10),
    condition character varying(50),
    inventory_id bigint,
    item_id bigint,
    transaction_id bigint NOT NULL,
    CONSTRAINT transactions_transactionitem_quantity_check CHECK ((quantity >= 0))
);


ALTER TABLE public.transactions_transactionitem OWNER TO postgres;

--
-- Name: transactions_transactionitem_id_seq; Type: SEQUENCE; Schema: public; Owner: postgres
--

ALTER TABLE public.transactions_transactionitem ALTER COLUMN id ADD GENERATED BY DEFAULT AS IDENTITY (
    SEQUENCE NAME public.transactions_transactionitem_id_seq
    START WITH 1
    INCREMENT BY 1
    NO MINVALUE
    NO MAXVALUE
    CACHE 1
);


--
-- Name: users_staff; Type: TABLE; Schema: public; Owner: postgres
--

CREATE TABLE public.users_staff (
    user_id integer NOT NULL,
    "position" character varying(255) NOT NULL,
    date_hired timestamp with time zone NOT NULL
);


ALTER TABLE public.users_staff OWNER TO postgres;

--
-- Name: users_user; Type: TABLE; Schema: public; Owner: postgres
--

CREATE TABLE public.users_user (
    password character varying(128) NOT NULL,
    last_login timestamp with time zone,
    is_superuser boolean NOT NULL,
    user_id integer NOT NULL,
    first_name character varying(255) NOT NULL,
    last_name character varying(255) NOT NULL,
    email character varying(200) NOT NULL,
    contact character varying(50) NOT NULL,
    department character varying(255) NOT NULL,
    bio text NOT NULL,
    avatar character varying(100) NOT NULL,
    date_joined timestamp with time zone NOT NULL,
    is_staff boolean NOT NULL,
    enable_notifications boolean NOT NULL
);


ALTER TABLE public.users_user OWNER TO postgres;

--
-- Name: users_user_groups; Type: TABLE; Schema: public; Owner: postgres
--

CREATE TABLE public.users_user_groups (
    id bigint NOT NULL,
    user_id integer NOT NULL,
    group_id integer NOT NULL
);


ALTER TABLE public.users_user_groups OWNER TO postgres;

--
-- Name: users_user_groups_id_seq; Type: SEQUENCE; Schema: public; Owner: postgres
--

ALTER TABLE public.users_user_groups ALTER COLUMN id ADD GENERATED BY DEFAULT AS IDENTITY (
    SEQUENCE NAME public.users_user_groups_id_seq
    START WITH 1
    INCREMENT BY 1
    NO MINVALUE
    NO MAXVALUE
    CACHE 1
);


--
-- Name: users_user_user_id_seq; Type: SEQUENCE; Schema: public; Owner: postgres
--

ALTER TABLE public.users_user ALTER COLUMN user_id ADD GENERATED BY DEFAULT AS IDENTITY (
    SEQUENCE NAME public.users_user_user_id_seq
    START WITH 1
    INCREMENT BY 1
    NO MINVALUE
    NO MAXVALUE
    CACHE 1
);


--
-- Name: users_user_user_permissions; Type: TABLE; Schema: public; Owner: postgres
--

CREATE TABLE public.users_user_user_permissions (
    id bigint NOT NULL,
    user_id integer NOT NULL,
    permission_id integer NOT NULL
);


ALTER TABLE public.users_user_user_permissions OWNER TO postgres;

--
-- Name: users_user_user_permissions_id_seq; Type: SEQUENCE; Schema: public; Owner: postgres
--

ALTER TABLE public.users_user_user_permissions ALTER COLUMN id ADD GENERATED BY DEFAULT AS IDENTITY (
    SEQUENCE NAME public.users_user_user_permissions_id_seq
    START WITH 1
    INCREMENT BY 1
    NO MINVALUE
    NO MAXVALUE
    CACHE 1
);


--
-- Data for Name: auth_group; Type: TABLE DATA; Schema: public; Owner: postgres
--

COPY public.auth_group (id, name) FROM stdin;
\.


--
-- Data for Name: auth_group_permissions; Type: TABLE DATA; Schema: public; Owner: postgres
--

COPY public.auth_group_permissions (id, group_id, permission_id) FROM stdin;
\.


--
-- Data for Name: auth_permission; Type: TABLE DATA; Schema: public; Owner: postgres
--

COPY public.auth_permission (id, name, content_type_id, codename) FROM stdin;
1	Can add log entry	1	add_logentry
2	Can change log entry	1	change_logentry
3	Can delete log entry	1	delete_logentry
4	Can view log entry	1	view_logentry
5	Can add permission	2	add_permission
6	Can change permission	2	change_permission
7	Can delete permission	2	delete_permission
8	Can view permission	2	view_permission
9	Can add group	3	add_group
10	Can change group	3	change_group
11	Can delete group	3	delete_group
12	Can view group	3	view_group
13	Can add content type	4	add_contenttype
14	Can change content type	4	change_contenttype
15	Can delete content type	4	delete_contenttype
16	Can view content type	4	view_contenttype
17	Can add session	5	add_session
18	Can change session	5	change_session
19	Can delete session	5	delete_session
20	Can view session	5	view_session
21	Can add Token	6	add_token
22	Can change Token	6	change_token
23	Can delete Token	6	delete_token
24	Can view Token	6	view_token
25	Can add token	7	add_tokenproxy
26	Can change token	7	change_tokenproxy
27	Can delete token	7	delete_tokenproxy
28	Can view token	7	view_tokenproxy
29	Can add user	8	add_user
30	Can change user	8	change_user
31	Can delete user	8	delete_user
32	Can view user	8	view_user
33	Can add staff	9	add_staff
34	Can change staff	9	change_staff
35	Can delete staff	9	delete_staff
36	Can view staff	9	view_staff
37	Can add category	10	add_category
38	Can change category	10	change_category
39	Can delete category	10	delete_category
40	Can view category	10	view_category
41	Can add inventory	11	add_inventory
42	Can change inventory	11	change_inventory
43	Can delete inventory	11	delete_inventory
44	Can view inventory	11	view_inventory
45	Can add item profiling	12	add_itemprofiling
46	Can change item profiling	12	change_itemprofiling
47	Can delete item profiling	12	delete_itemprofiling
48	Can view item profiling	12	view_itemprofiling
49	Can add item copy	13	add_itemcopy
50	Can change item copy	13	change_itemcopy
51	Can delete item copy	13	delete_itemcopy
52	Can view item copy	13	view_itemcopy
53	Can add inquiry	14	add_inquiry
54	Can change inquiry	14	change_inquiry
55	Can delete inquiry	14	delete_inquiry
56	Can view inquiry	14	view_inquiry
57	Can add inquiry reply	15	add_inquiryreply
58	Can change inquiry reply	15	change_inquiryreply
59	Can delete inquiry reply	15	delete_inquiryreply
60	Can view inquiry reply	15	view_inquiryreply
61	Can add reserved item	16	add_reserveditem
62	Can change reserved item	16	change_reserveditem
63	Can delete reserved item	16	delete_reserveditem
64	Can view reserved item	16	view_reserveditem
65	Can add transaction	17	add_transaction
66	Can change transaction	17	change_transaction
67	Can delete transaction	17	delete_transaction
68	Can view transaction	17	view_transaction
69	Can add transaction item	18	add_transactionitem
70	Can change transaction item	18	change_transactionitem
71	Can delete transaction item	18	delete_transactionitem
72	Can view transaction item	18	view_transactionitem
73	Can add post	19	add_post
74	Can change post	19	change_post
75	Can delete post	19	delete_post
76	Can view post	19	view_post
\.


--
-- Data for Name: authtoken_token; Type: TABLE DATA; Schema: public; Owner: postgres
--

COPY public.authtoken_token (key, created, user_id) FROM stdin;
70a4e2d81ffb2298ed19e0cd828ef45689d949de	2024-03-24 15:42:44.003615+08	201
\.


--
-- Data for Name: django_admin_log; Type: TABLE DATA; Schema: public; Owner: postgres
--

COPY public.django_admin_log (id, action_time, object_id, object_repr, action_flag, change_message, content_type_id, user_id) FROM stdin;
\.


--
-- Data for Name: django_content_type; Type: TABLE DATA; Schema: public; Owner: postgres
--

COPY public.django_content_type (id, app_label, model) FROM stdin;
1	admin	logentry
2	auth	permission
3	auth	group
4	contenttypes	contenttype
5	sessions	session
6	authtoken	token
7	authtoken	tokenproxy
8	users	user
9	users	staff
10	inventory	category
11	inventory	inventory
12	inventory	itemprofiling
13	inventory	itemcopy
14	transactions	inquiry
15	transactions	inquiryreply
16	transactions	reserveditem
17	transactions	transaction
18	transactions	transactionitem
19	posts	post
\.


--
-- Data for Name: django_migrations; Type: TABLE DATA; Schema: public; Owner: postgres
--

COPY public.django_migrations (id, app, name, applied) FROM stdin;
1	contenttypes	0001_initial	2024-03-24 15:39:41.409082+08
2	contenttypes	0002_remove_content_type_name	2024-03-24 15:39:41.418058+08
3	auth	0001_initial	2024-03-24 15:39:41.492952+08
4	auth	0002_alter_permission_name_max_length	2024-03-24 15:39:41.498963+08
5	auth	0003_alter_user_email_max_length	2024-03-24 15:39:41.504948+08
6	auth	0004_alter_user_username_opts	2024-03-24 15:39:41.511901+08
7	auth	0005_alter_user_last_login_null	2024-03-24 15:39:41.521874+08
8	auth	0006_require_contenttypes_0002	2024-03-24 15:39:41.524865+08
9	auth	0007_alter_validators_add_error_messages	2024-03-24 15:39:41.531895+08
10	auth	0008_alter_user_username_max_length	2024-03-24 15:39:41.538877+08
11	auth	0009_alter_user_last_name_max_length	2024-03-24 15:39:41.545858+08
12	auth	0010_alter_group_name_max_length	2024-03-24 15:39:41.554848+08
13	auth	0011_update_proxy_permissions	2024-03-24 15:39:41.562072+08
14	auth	0012_alter_user_first_name_max_length	2024-03-24 15:39:41.568056+08
15	users	0001_initial	2024-03-24 15:39:41.653006+08
16	admin	0001_initial	2024-03-24 15:39:41.681634+08
17	admin	0002_logentry_remove_auto_add	2024-03-24 15:39:41.691608+08
18	admin	0003_logentry_add_action_flag_choices	2024-03-24 15:39:41.700606+08
19	authtoken	0001_initial	2024-03-24 15:39:41.72513+08
20	authtoken	0002_auto_20160226_1747	2024-03-24 15:39:41.757045+08
21	authtoken	0003_tokenproxy	2024-03-24 15:39:41.760037+08
22	inventory	0001_initial	2024-03-24 15:39:41.826439+08
23	posts	0001_initial	2024-03-24 15:39:41.839324+08
24	posts	0002_initial	2024-03-24 15:39:41.854284+08
25	sessions	0001_initial	2024-03-24 15:39:41.878132+08
26	transactions	0001_initial	2024-03-24 15:39:41.95692+08
27	transactions	0002_initial	2024-03-24 15:39:42.050751+08
28	users	0002_user_enable_notifications	2024-04-03 21:26:38.007741+08
29	inventory	0002_inventory_borrowed_quantity	2024-04-08 15:45:46.34139+08
30	transactions	0003_inquiry_status_updated_at	2024-04-10 00:18:58.495801+08
31	transactions	0004_transaction_return_date	2024-04-10 19:52:47.201699+08
\.


--
-- Data for Name: django_session; Type: TABLE DATA; Schema: public; Owner: postgres
--

COPY public.django_session (session_key, session_data, expire_date) FROM stdin;
t6vcmjt7qoxz7idq0i47xbnif396d4j8	.eJxVjcsOwiAURP-FtSE85FGX7v0GAvdypWogKe3K-O_SpAvdTWbOzLxZiNtawtbzEmZkF6aEZKdfN0V45rpH-Ij13ji0ui5z4jvCj7TzW8P8uh7s30CJvYy2EGqylhQI421CrS2Qyw4IhjYAajw7nZQHjJTB0CQjSYtAwp8NAvt8ASvkOOw:1roIVA:KQ8Rp648dDpxzBK9VCF6ArEThFs8UvlsZqxxWSpSQjc	2024-04-07 15:42:44.012012+08
htrjw7sbbtxs9232by1x6qyme4yvc7gp	.eJxVjcsOwiAURP-FtSE85FGX7v0GAvdypWogKe3K-O_SpAvdTWbOzLxZiNtawtbzEmZkF6aEZKdfN0V45rpH-Ij13ji0ui5z4jvCj7TzW8P8uh7s30CJvYy2EGqylhQI421CrS2Qyw4IhjYAajw7nZQHjJTB0CQjSYtAwp8NAvt8ASvkOOw:1roMV5:LASwJxIVRy2KRkwTiXBPzs7yVmBCf3slPnmCUuwyOgU	2024-04-07 19:58:55.825702+08
pvadf2xo7pq1tg3bzrch6xx7snsmi7z0	.eJxVjcsOwiAURP-FtSE85FGX7v0GAvdypWogKe3K-O_SpAvdTWbOzLxZiNtawtbzEmZkF6aEZKdfN0V45rpH-Ij13ji0ui5z4jvCj7TzW8P8uh7s30CJvYy2EGqylhQI421CrS2Qyw4IhjYAajw7nZQHjJTB0CQjSYtAwp8NAvt8ASvkOOw:1rs0lP:UaLoW7UsMRpWNpmQ7xxaUsJ-wwvq-MnLELg9wiIPEvE	2024-04-17 21:34:51.224539+08
5jhgutv4xf5c9ucuhe086q71jlftzdn8	.eJxVjcsOwiAURP-FtSE85FGX7v0GAvdypWogKe3K-O_SpAvdTWbOzLxZiNtawtbzEmZkF6aEZKdfN0V45rpH-Ij13ji0ui5z4jvCj7TzW8P8uh7s30CJvYy2EGqylhQI421CrS2Qyw4IhjYAajw7nZQHjJTB0CQjSYtAwp8NAvt8ASvkOOw:1rsMFU:tkupHpM97virK8hBw8V5wiee2-Okr7ATmURnKdUb5zE	2024-04-18 20:31:20.724072+08
pate0xno9k3v3eyw4rnnxt0jgyvdz6iw	.eJxVjcsOwiAURP-FtSE85FGX7v0GAvdypWogKe3K-O_SpAvdTWbOzLxZiNtawtbzEmZkF6aEZKdfN0V45rpH-Ij13ji0ui5z4jvCj7TzW8P8uh7s30CJvYy2EGqylhQI421CrS2Qyw4IhjYAajw7nZQHjJTB0CQjSYtAwp8NAvt8ASvkOOw:1rtjZS:aPZ9nMM6DqNDQ3y3UfwFvSGisL5KaP6yBQFJQwV6hcw	2024-04-22 15:37:38.392207+08
crjq4ey5zpz4y9fkdwiabuzgr8qe91eh	.eJxVjcsOwiAURP-FtSE85FGX7v0GAvdypWogKe3K-O_SpAvdTWbOzLxZiNtawtbzEmZkF6aEZKdfN0V45rpH-Ij13ji0ui5z4jvCj7TzW8P8uh7s30CJvYy2EGqylhQI421CrS2Qyw4IhjYAajw7nZQHjJTB0CQjSYtAwp8NAvt8ASvkOOw:1ruC9K:cO7Ho3gE5XaYxcui33xKeq0CsknGSrKM6y0WqFlDkTk	2024-04-23 22:08:34.731221+08
avi0syy7mtkyqd786vdreejzakgg94a5	.eJxVjcsOwiAURP-FtSE85FGX7v0GAvdypWogKe3K-O_SpAvdTWbOzLxZiNtawtbzEmZkF6aEZKdfN0V45rpH-Ij13ji0ui5z4jvCj7TzW8P8uh7s30CJvYy2EGqylhQI421CrS2Qyw4IhjYAajw7nZQHjJTB0CQjSYtAwp8NAvt8ASvkOOw:1ruClu:J64_iNceDH2EmhM9eRJtCYgTBTYs8n7pjlTP1VoU_R4	2024-04-23 22:48:26.711323+08
7tui7bpyoa6xvjghns9jwlozs995ieik	.eJxVjcsOwiAURP-FtSE85FGX7v0GAvdypWogKe3K-O_SpAvdTWbOzLxZiNtawtbzEmZkF6aEZKdfN0V45rpH-Ij13ji0ui5z4jvCj7TzW8P8uh7s30CJvYy2EGqylhQI421CrS2Qyw4IhjYAajw7nZQHjJTB0CQjSYtAwp8NAvt8ASvkOOw:1ruW4U:hTb9Qwq_RcG0vva525D2WcB65XARxuNXV0B8VEMJdMg	2024-04-24 19:24:54.484374+08
uyzeqrttiwaff88jqo3ty5l1saqfhbge	.eJxVjcsOwiAURP-FtSE85FGX7v0GAvdypWogKe3K-O_SpAvdTWbOzLxZiNtawtbzEmZkF6aEZKdfN0V45rpH-Ij13ji0ui5z4jvCj7TzW8P8uh7s30CJvYy2EGqylhQI421CrS2Qyw4IhjYAajw7nZQHjJTB0CQjSYtAwp8NAvt8ASvkOOw:1ruXQ7:hNUjLc-t0SICI9aAzpG3JTGbD7BjdCRKarOL-9ZnxrU	2024-04-24 20:51:19.233141+08
\.


--
-- Data for Name: inventory_category; Type: TABLE DATA; Schema: public; Owner: postgres
--

COPY public.inventory_category (id, name) FROM stdin;
1	Category 0
2	Category 1
3	Category 2
4	Category 3
5	Category 4
6	Category 5
7	Category 6
8	Category 7
9	Category 8
10	Category 9
\.


--
-- Data for Name: inventory_inventory; Type: TABLE DATA; Schema: public; Owner: postgres
--

COPY public.inventory_inventory (id, quantity, reserved_quantity, is_hidden, item_id, borrowed_quantity) FROM stdin;
39	20	0	f	39	0
29	20	0	f	29	0
30	10	0	f	30	0
97	20	0	f	97	0
89	20	0	f	89	0
60	20	0	f	60	0
56	20	0	f	56	0
98	10	0	f	98	0
99	10	0	f	99	0
52	20	0	f	52	0
18	20	0	f	18	0
19	10	0	f	19	0
20	10	0	f	20	0
21	10	0	f	21	0
9	20	0	f	9	0
10	10	0	f	10	0
53	10	0	f	53	0
78	20	0	f	78	0
64	20	0	f	64	0
65	10	0	f	65	0
73	20	0	f	73	0
40	20	0	f	40	0
3	20	0	f	3	0
31	20	0	f	31	0
32	10	0	f	32	0
74	10	0	f	74	0
75	10	0	f	75	0
76	10	0	f	76	0
80	20	0	f	80	0
11	20	0	f	11	0
12	10	0	f	12	0
81	10	0	f	81	0
22	20	0	f	22	0
23	10	0	f	23	0
24	10	0	f	24	0
82	10	0	f	82	0
70	20	0	f	70	0
71	10	0	f	71	0
57	20	0	f	57	0
83	10	0	f	83	0
54	20	0	f	54	0
61	20	0	f	61	0
62	10	0	f	62	0
33	20	0	f	33	0
34	10	0	f	34	0
13	20	0	f	13	0
35	10	0	f	35	0
41	20	0	f	41	0
42	10	0	f	42	0
8	0	0	f	8	0
25	20	0	f	25	0
43	10	0	f	43	0
44	10	0	f	44	0
45	10	0	f	45	0
46	10	0	f	46	0
47	10	0	f	47	0
48	10	0	f	48	0
49	10	0	f	49	0
50	10	0	f	50	0
96	20	0	f	96	0
100	10	0	f	100	0
14	20	0	f	14	0
5	19	0	f	5	0
94	20	0	f	94	0
66	20	0	f	66	0
6	20	0	f	6	0
67	10	0	f	67	0
36	20	0	f	36	0
37	10	0	f	37	0
38	10	0	f	38	0
26	20	0	f	26	0
27	10	0	f	27	0
28	10	0	f	28	0
68	10	0	f	68	0
95	10	0	f	95	0
87	20	0	f	87	0
88	10	0	f	88	0
58	20	0	f	58	0
15	20	0	f	15	0
16	10	0	f	16	0
17	10	0	f	17	0
55	20	0	f	55	0
59	10	0	f	59	0
51	20	0	f	51	0
4	18	0	f	4	1
92	20	0	f	92	0
63	20	0	f	63	0
77	20	0	f	77	0
79	20	0	f	79	0
72	20	0	f	72	0
93	10	0	f	93	0
7	19	0	f	7	1
69	20	0	f	69	0
84	20	0	f	84	0
85	10	0	f	85	0
86	10	0	f	86	0
90	20	0	f	90	0
91	10	0	f	91	0
1	3	0	f	1	17
2	9	0	f	2	0
\.


--
-- Data for Name: inventory_itemcopy; Type: TABLE DATA; Schema: public; Owner: postgres
--

COPY public.inventory_itemcopy (id, condition, is_reserved, is_borrowed, previous_is_borrowed, display_id, inventory_id) FROM stdin;
15	Good	f	f	f	1-15	1
16	Good	f	f	f	1-16	1
17	Good	f	f	f	1-17	1
18	Good	f	f	f	1-18	1
19	Good	f	f	f	1-19	1
21	Good	f	f	f	2-1	2
22	Good	f	f	f	2-2	2
23	Good	f	f	f	2-3	2
24	Good	f	f	f	2-4	2
25	Good	f	f	f	2-5	2
26	Good	f	f	f	2-6	2
27	Good	f	f	f	2-7	2
28	Good	f	f	f	2-8	2
29	Good	f	f	f	2-9	2
30	Good	f	f	f	2-10	2
31	Good	f	f	f	2-11	2
32	Good	f	f	f	2-12	2
33	Good	f	f	f	2-13	2
34	Good	f	f	f	2-14	2
35	Good	f	f	f	2-15	2
36	Good	f	f	f	2-16	2
37	Good	f	f	f	2-17	2
38	Good	f	f	f	2-18	2
39	Good	f	f	f	2-19	2
40	Good	f	f	f	2-20	2
41	Good	f	f	f	3-1	3
42	Good	f	f	f	3-2	3
43	Good	f	f	f	3-3	3
44	Good	f	f	f	3-4	3
45	Good	f	f	f	3-5	3
46	Good	f	f	f	3-6	3
47	Good	f	f	f	3-7	3
48	Good	f	f	f	3-8	3
49	Good	f	f	f	3-9	3
50	Good	f	f	f	3-10	3
51	Good	f	f	f	3-11	3
52	Good	f	f	f	3-12	3
53	Good	f	f	f	3-13	3
54	Good	f	f	f	3-14	3
55	Good	f	f	f	3-15	3
56	Good	f	f	f	3-16	3
57	Good	f	f	f	3-17	3
58	Good	f	f	f	3-18	3
59	Good	f	f	f	3-19	3
60	Good	f	f	f	3-20	3
63	Good	f	f	f	4-3	4
64	Good	f	f	f	4-4	4
65	Good	f	f	f	4-5	4
66	Good	f	f	f	4-6	4
67	Good	f	f	f	4-7	4
68	Good	f	f	f	4-8	4
69	Good	f	f	f	4-9	4
70	Good	f	f	f	4-10	4
71	Good	f	f	f	4-11	4
72	Good	f	f	f	4-12	4
73	Good	f	f	f	4-13	4
74	Good	f	f	f	4-14	4
75	Good	f	f	f	4-15	4
76	Good	f	f	f	4-16	4
77	Good	f	f	f	4-17	4
78	Good	f	f	f	4-18	4
79	Good	f	f	f	4-19	4
80	Good	f	f	f	4-20	4
81	Good	f	f	f	5-1	5
82	Good	f	f	f	5-2	5
83	Good	f	f	f	5-3	5
84	Good	f	f	f	5-4	5
85	Good	f	f	f	5-5	5
86	Good	f	f	f	5-6	5
87	Good	f	f	f	5-7	5
88	Good	f	f	f	5-8	5
90	Good	f	f	f	5-10	5
91	Good	f	f	f	5-11	5
92	Good	f	f	f	5-12	5
93	Good	f	f	f	5-13	5
94	Good	f	f	f	5-14	5
95	Good	f	f	f	5-15	5
96	Good	f	f	f	5-16	5
97	Good	f	f	f	5-17	5
98	Good	f	f	f	5-18	5
99	Good	f	f	f	5-19	5
100	Good	f	f	f	5-20	5
101	Good	f	f	f	6-1	6
102	Good	f	f	f	6-2	6
103	Good	f	f	f	6-3	6
104	Good	f	f	f	6-4	6
105	Good	f	f	f	6-5	6
106	Good	f	f	f	6-6	6
107	Good	f	f	f	6-7	6
108	Good	f	f	f	6-8	6
109	Good	f	f	f	6-9	6
110	Good	f	f	f	6-10	6
111	Good	f	f	f	6-11	6
112	Good	f	f	f	6-12	6
113	Good	f	f	f	6-13	6
114	Good	f	f	f	6-14	6
115	Good	f	f	f	6-15	6
116	Good	f	f	f	6-16	6
117	Good	f	f	f	6-17	6
118	Good	f	f	f	6-18	6
119	Good	f	f	f	6-19	6
120	Good	f	f	f	6-20	6
122	Good	f	f	f	7-2	7
123	Good	f	f	f	7-3	7
124	Good	f	f	f	7-4	7
125	Good	f	f	f	7-5	7
126	Good	f	f	f	7-6	7
127	Good	f	f	f	7-7	7
128	Good	f	f	f	7-8	7
129	Good	f	f	f	7-9	7
130	Good	f	f	f	7-10	7
131	Good	f	f	f	7-11	7
132	Good	f	f	f	7-12	7
133	Good	f	f	f	7-13	7
134	Good	f	f	f	7-14	7
135	Good	f	f	f	7-15	7
136	Good	f	f	f	7-16	7
61	Good	f	t	f	4-1	4
13	Good	f	t	f	1-13	1
62	Good	f	t	f	4-2	4
20	Good	f	t	f	1-20	1
5	Good	f	t	f	1-5	1
4	Good	f	t	f	1-4	1
10	Good	f	t	f	1-10	1
9	Good	f	t	f	1-9	1
12	Good	f	t	f	1-12	1
2	Good	f	t	f	1-2	1
121	Good	f	t	f	7-1	7
3	Good	f	t	f	1-3	1
11	Good	f	t	f	1-11	1
14	Good	f	t	f	1-14	1
137	Good	f	f	f	7-17	7
138	Good	f	f	f	7-18	7
139	Good	f	f	f	7-19	7
140	Good	f	f	f	7-20	7
141	Good	f	f	f	8-1	8
142	Good	f	f	f	8-2	8
143	Good	f	f	f	8-3	8
144	Good	f	f	f	8-4	8
145	Good	f	f	f	8-5	8
146	Good	f	f	f	8-6	8
147	Good	f	f	f	8-7	8
148	Good	f	f	f	8-8	8
149	Good	f	f	f	8-9	8
150	Good	f	f	f	8-10	8
151	Good	f	f	f	8-11	8
152	Good	f	f	f	8-12	8
153	Good	f	f	f	8-13	8
154	Good	f	f	f	8-14	8
155	Good	f	f	f	8-15	8
156	Good	f	f	f	8-16	8
157	Good	f	f	f	8-17	8
158	Good	f	f	f	8-18	8
159	Good	f	f	f	8-19	8
160	Good	f	f	f	8-20	8
161	Good	f	f	f	9-1	9
162	Good	f	f	f	9-2	9
163	Good	f	f	f	9-3	9
164	Good	f	f	f	9-4	9
165	Good	f	f	f	9-5	9
166	Good	f	f	f	9-6	9
167	Good	f	f	f	9-7	9
168	Good	f	f	f	9-8	9
169	Good	f	f	f	9-9	9
170	Good	f	f	f	9-10	9
171	Good	f	f	f	9-11	9
172	Good	f	f	f	9-12	9
173	Good	f	f	f	9-13	9
174	Good	f	f	f	9-14	9
175	Good	f	f	f	9-15	9
176	Good	f	f	f	9-16	9
177	Good	f	f	f	9-17	9
178	Good	f	f	f	9-18	9
179	Good	f	f	f	9-19	9
180	Good	f	f	f	9-20	9
181	Good	f	f	f	10-1	10
182	Good	f	f	f	10-2	10
183	Good	f	f	f	10-3	10
184	Good	f	f	f	10-4	10
185	Good	f	f	f	10-5	10
186	Good	f	f	f	10-6	10
187	Good	f	f	f	10-7	10
188	Good	f	f	f	10-8	10
189	Good	f	f	f	10-9	10
190	Good	f	f	f	10-10	10
191	Good	f	f	f	10-11	10
192	Good	f	f	f	10-12	10
193	Good	f	f	f	10-13	10
194	Good	f	f	f	10-14	10
195	Good	f	f	f	10-15	10
196	Good	f	f	f	10-16	10
197	Good	f	f	f	10-17	10
198	Good	f	f	f	10-18	10
199	Good	f	f	f	10-19	10
200	Good	f	f	f	10-20	10
201	Good	f	f	f	11-1	11
202	Good	f	f	f	11-2	11
203	Good	f	f	f	11-3	11
204	Good	f	f	f	11-4	11
205	Good	f	f	f	11-5	11
206	Good	f	f	f	11-6	11
207	Good	f	f	f	11-7	11
208	Good	f	f	f	11-8	11
209	Good	f	f	f	11-9	11
210	Good	f	f	f	11-10	11
211	Good	f	f	f	11-11	11
212	Good	f	f	f	11-12	11
213	Good	f	f	f	11-13	11
214	Good	f	f	f	11-14	11
215	Good	f	f	f	11-15	11
216	Good	f	f	f	11-16	11
217	Good	f	f	f	11-17	11
218	Good	f	f	f	11-18	11
219	Good	f	f	f	11-19	11
220	Good	f	f	f	11-20	11
221	Good	f	f	f	12-1	12
222	Good	f	f	f	12-2	12
223	Good	f	f	f	12-3	12
224	Good	f	f	f	12-4	12
225	Good	f	f	f	12-5	12
226	Good	f	f	f	12-6	12
227	Good	f	f	f	12-7	12
228	Good	f	f	f	12-8	12
229	Good	f	f	f	12-9	12
230	Good	f	f	f	12-10	12
231	Good	f	f	f	12-11	12
232	Good	f	f	f	12-12	12
233	Good	f	f	f	12-13	12
234	Good	f	f	f	12-14	12
235	Good	f	f	f	12-15	12
236	Good	f	f	f	12-16	12
237	Good	f	f	f	12-17	12
238	Good	f	f	f	12-18	12
239	Good	f	f	f	12-19	12
240	Good	f	f	f	12-20	12
241	Good	f	f	f	13-1	13
242	Good	f	f	f	13-2	13
243	Good	f	f	f	13-3	13
244	Good	f	f	f	13-4	13
245	Good	f	f	f	13-5	13
246	Good	f	f	f	13-6	13
247	Good	f	f	f	13-7	13
248	Good	f	f	f	13-8	13
249	Good	f	f	f	13-9	13
250	Good	f	f	f	13-10	13
251	Good	f	f	f	13-11	13
252	Good	f	f	f	13-12	13
253	Good	f	f	f	13-13	13
254	Good	f	f	f	13-14	13
255	Good	f	f	f	13-15	13
256	Good	f	f	f	13-16	13
257	Good	f	f	f	13-17	13
258	Good	f	f	f	13-18	13
259	Good	f	f	f	13-19	13
260	Good	f	f	f	13-20	13
261	Good	f	f	f	14-1	14
262	Good	f	f	f	14-2	14
263	Good	f	f	f	14-3	14
264	Good	f	f	f	14-4	14
265	Good	f	f	f	14-5	14
266	Good	f	f	f	14-6	14
267	Good	f	f	f	14-7	14
268	Good	f	f	f	14-8	14
269	Good	f	f	f	14-9	14
270	Good	f	f	f	14-10	14
271	Good	f	f	f	14-11	14
272	Good	f	f	f	14-12	14
273	Good	f	f	f	14-13	14
274	Good	f	f	f	14-14	14
275	Good	f	f	f	14-15	14
276	Good	f	f	f	14-16	14
277	Good	f	f	f	14-17	14
278	Good	f	f	f	14-18	14
279	Good	f	f	f	14-19	14
280	Good	f	f	f	14-20	14
281	Good	f	f	f	15-1	15
282	Good	f	f	f	15-2	15
283	Good	f	f	f	15-3	15
284	Good	f	f	f	15-4	15
285	Good	f	f	f	15-5	15
286	Good	f	f	f	15-6	15
287	Good	f	f	f	15-7	15
288	Good	f	f	f	15-8	15
289	Good	f	f	f	15-9	15
290	Good	f	f	f	15-10	15
291	Good	f	f	f	15-11	15
292	Good	f	f	f	15-12	15
293	Good	f	f	f	15-13	15
294	Good	f	f	f	15-14	15
295	Good	f	f	f	15-15	15
296	Good	f	f	f	15-16	15
297	Good	f	f	f	15-17	15
298	Good	f	f	f	15-18	15
299	Good	f	f	f	15-19	15
300	Good	f	f	f	15-20	15
301	Good	f	f	f	16-1	16
302	Good	f	f	f	16-2	16
303	Good	f	f	f	16-3	16
304	Good	f	f	f	16-4	16
305	Good	f	f	f	16-5	16
306	Good	f	f	f	16-6	16
307	Good	f	f	f	16-7	16
308	Good	f	f	f	16-8	16
309	Good	f	f	f	16-9	16
310	Good	f	f	f	16-10	16
311	Good	f	f	f	16-11	16
312	Good	f	f	f	16-12	16
313	Good	f	f	f	16-13	16
314	Good	f	f	f	16-14	16
315	Good	f	f	f	16-15	16
316	Good	f	f	f	16-16	16
317	Good	f	f	f	16-17	16
318	Good	f	f	f	16-18	16
319	Good	f	f	f	16-19	16
320	Good	f	f	f	16-20	16
321	Good	f	f	f	17-1	17
322	Good	f	f	f	17-2	17
323	Good	f	f	f	17-3	17
324	Good	f	f	f	17-4	17
325	Good	f	f	f	17-5	17
326	Good	f	f	f	17-6	17
327	Good	f	f	f	17-7	17
328	Good	f	f	f	17-8	17
329	Good	f	f	f	17-9	17
330	Good	f	f	f	17-10	17
331	Good	f	f	f	17-11	17
332	Good	f	f	f	17-12	17
333	Good	f	f	f	17-13	17
334	Good	f	f	f	17-14	17
335	Good	f	f	f	17-15	17
336	Good	f	f	f	17-16	17
337	Good	f	f	f	17-17	17
338	Good	f	f	f	17-18	17
339	Good	f	f	f	17-19	17
340	Good	f	f	f	17-20	17
341	Good	f	f	f	18-1	18
342	Good	f	f	f	18-2	18
343	Good	f	f	f	18-3	18
344	Good	f	f	f	18-4	18
345	Good	f	f	f	18-5	18
346	Good	f	f	f	18-6	18
347	Good	f	f	f	18-7	18
348	Good	f	f	f	18-8	18
349	Good	f	f	f	18-9	18
350	Good	f	f	f	18-10	18
351	Good	f	f	f	18-11	18
352	Good	f	f	f	18-12	18
353	Good	f	f	f	18-13	18
354	Good	f	f	f	18-14	18
355	Good	f	f	f	18-15	18
356	Good	f	f	f	18-16	18
357	Good	f	f	f	18-17	18
358	Good	f	f	f	18-18	18
359	Good	f	f	f	18-19	18
360	Good	f	f	f	18-20	18
361	Good	f	f	f	19-1	19
362	Good	f	f	f	19-2	19
363	Good	f	f	f	19-3	19
364	Good	f	f	f	19-4	19
365	Good	f	f	f	19-5	19
366	Good	f	f	f	19-6	19
367	Good	f	f	f	19-7	19
368	Good	f	f	f	19-8	19
369	Good	f	f	f	19-9	19
370	Good	f	f	f	19-10	19
371	Good	f	f	f	19-11	19
372	Good	f	f	f	19-12	19
373	Good	f	f	f	19-13	19
374	Good	f	f	f	19-14	19
375	Good	f	f	f	19-15	19
376	Good	f	f	f	19-16	19
377	Good	f	f	f	19-17	19
378	Good	f	f	f	19-18	19
379	Good	f	f	f	19-19	19
380	Good	f	f	f	19-20	19
381	Good	f	f	f	20-1	20
382	Good	f	f	f	20-2	20
383	Good	f	f	f	20-3	20
384	Good	f	f	f	20-4	20
385	Good	f	f	f	20-5	20
386	Good	f	f	f	20-6	20
387	Good	f	f	f	20-7	20
388	Good	f	f	f	20-8	20
389	Good	f	f	f	20-9	20
390	Good	f	f	f	20-10	20
391	Good	f	f	f	20-11	20
392	Good	f	f	f	20-12	20
393	Good	f	f	f	20-13	20
394	Good	f	f	f	20-14	20
395	Good	f	f	f	20-15	20
396	Good	f	f	f	20-16	20
397	Good	f	f	f	20-17	20
398	Good	f	f	f	20-18	20
399	Good	f	f	f	20-19	20
400	Good	f	f	f	20-20	20
401	Good	f	f	f	21-1	21
402	Good	f	f	f	21-2	21
403	Good	f	f	f	21-3	21
404	Good	f	f	f	21-4	21
405	Good	f	f	f	21-5	21
406	Good	f	f	f	21-6	21
407	Good	f	f	f	21-7	21
408	Good	f	f	f	21-8	21
409	Good	f	f	f	21-9	21
410	Good	f	f	f	21-10	21
411	Good	f	f	f	21-11	21
412	Good	f	f	f	21-12	21
413	Good	f	f	f	21-13	21
414	Good	f	f	f	21-14	21
415	Good	f	f	f	21-15	21
416	Good	f	f	f	21-16	21
417	Good	f	f	f	21-17	21
418	Good	f	f	f	21-18	21
419	Good	f	f	f	21-19	21
420	Good	f	f	f	21-20	21
421	Good	f	f	f	22-1	22
422	Good	f	f	f	22-2	22
423	Good	f	f	f	22-3	22
424	Good	f	f	f	22-4	22
425	Good	f	f	f	22-5	22
426	Good	f	f	f	22-6	22
427	Good	f	f	f	22-7	22
428	Good	f	f	f	22-8	22
429	Good	f	f	f	22-9	22
430	Good	f	f	f	22-10	22
431	Good	f	f	f	22-11	22
432	Good	f	f	f	22-12	22
433	Good	f	f	f	22-13	22
434	Good	f	f	f	22-14	22
435	Good	f	f	f	22-15	22
436	Good	f	f	f	22-16	22
437	Good	f	f	f	22-17	22
438	Good	f	f	f	22-18	22
439	Good	f	f	f	22-19	22
440	Good	f	f	f	22-20	22
441	Good	f	f	f	23-1	23
442	Good	f	f	f	23-2	23
443	Good	f	f	f	23-3	23
444	Good	f	f	f	23-4	23
445	Good	f	f	f	23-5	23
446	Good	f	f	f	23-6	23
447	Good	f	f	f	23-7	23
448	Good	f	f	f	23-8	23
449	Good	f	f	f	23-9	23
450	Good	f	f	f	23-10	23
451	Good	f	f	f	23-11	23
452	Good	f	f	f	23-12	23
453	Good	f	f	f	23-13	23
454	Good	f	f	f	23-14	23
455	Good	f	f	f	23-15	23
456	Good	f	f	f	23-16	23
457	Good	f	f	f	23-17	23
458	Good	f	f	f	23-18	23
459	Good	f	f	f	23-19	23
460	Good	f	f	f	23-20	23
461	Good	f	f	f	24-1	24
462	Good	f	f	f	24-2	24
463	Good	f	f	f	24-3	24
464	Good	f	f	f	24-4	24
465	Good	f	f	f	24-5	24
466	Good	f	f	f	24-6	24
467	Good	f	f	f	24-7	24
468	Good	f	f	f	24-8	24
469	Good	f	f	f	24-9	24
470	Good	f	f	f	24-10	24
471	Good	f	f	f	24-11	24
472	Good	f	f	f	24-12	24
473	Good	f	f	f	24-13	24
474	Good	f	f	f	24-14	24
475	Good	f	f	f	24-15	24
476	Good	f	f	f	24-16	24
477	Good	f	f	f	24-17	24
478	Good	f	f	f	24-18	24
479	Good	f	f	f	24-19	24
480	Good	f	f	f	24-20	24
481	Good	f	f	f	25-1	25
482	Good	f	f	f	25-2	25
483	Good	f	f	f	25-3	25
484	Good	f	f	f	25-4	25
485	Good	f	f	f	25-5	25
486	Good	f	f	f	25-6	25
487	Good	f	f	f	25-7	25
488	Good	f	f	f	25-8	25
489	Good	f	f	f	25-9	25
490	Good	f	f	f	25-10	25
491	Good	f	f	f	25-11	25
492	Good	f	f	f	25-12	25
493	Good	f	f	f	25-13	25
494	Good	f	f	f	25-14	25
495	Good	f	f	f	25-15	25
496	Good	f	f	f	25-16	25
497	Good	f	f	f	25-17	25
498	Good	f	f	f	25-18	25
499	Good	f	f	f	25-19	25
500	Good	f	f	f	25-20	25
501	Good	f	f	f	26-1	26
502	Good	f	f	f	26-2	26
503	Good	f	f	f	26-3	26
504	Good	f	f	f	26-4	26
505	Good	f	f	f	26-5	26
506	Good	f	f	f	26-6	26
507	Good	f	f	f	26-7	26
508	Good	f	f	f	26-8	26
509	Good	f	f	f	26-9	26
510	Good	f	f	f	26-10	26
511	Good	f	f	f	26-11	26
512	Good	f	f	f	26-12	26
513	Good	f	f	f	26-13	26
514	Good	f	f	f	26-14	26
515	Good	f	f	f	26-15	26
516	Good	f	f	f	26-16	26
517	Good	f	f	f	26-17	26
518	Good	f	f	f	26-18	26
519	Good	f	f	f	26-19	26
520	Good	f	f	f	26-20	26
521	Good	f	f	f	27-1	27
522	Good	f	f	f	27-2	27
523	Good	f	f	f	27-3	27
524	Good	f	f	f	27-4	27
525	Good	f	f	f	27-5	27
526	Good	f	f	f	27-6	27
527	Good	f	f	f	27-7	27
528	Good	f	f	f	27-8	27
529	Good	f	f	f	27-9	27
530	Good	f	f	f	27-10	27
531	Good	f	f	f	27-11	27
532	Good	f	f	f	27-12	27
533	Good	f	f	f	27-13	27
534	Good	f	f	f	27-14	27
535	Good	f	f	f	27-15	27
536	Good	f	f	f	27-16	27
537	Good	f	f	f	27-17	27
538	Good	f	f	f	27-18	27
539	Good	f	f	f	27-19	27
540	Good	f	f	f	27-20	27
541	Good	f	f	f	28-1	28
542	Good	f	f	f	28-2	28
543	Good	f	f	f	28-3	28
544	Good	f	f	f	28-4	28
545	Good	f	f	f	28-5	28
546	Good	f	f	f	28-6	28
547	Good	f	f	f	28-7	28
548	Good	f	f	f	28-8	28
549	Good	f	f	f	28-9	28
550	Good	f	f	f	28-10	28
551	Good	f	f	f	28-11	28
552	Good	f	f	f	28-12	28
553	Good	f	f	f	28-13	28
554	Good	f	f	f	28-14	28
555	Good	f	f	f	28-15	28
556	Good	f	f	f	28-16	28
557	Good	f	f	f	28-17	28
558	Good	f	f	f	28-18	28
559	Good	f	f	f	28-19	28
560	Good	f	f	f	28-20	28
561	Good	f	f	f	29-1	29
562	Good	f	f	f	29-2	29
563	Good	f	f	f	29-3	29
564	Good	f	f	f	29-4	29
565	Good	f	f	f	29-5	29
566	Good	f	f	f	29-6	29
567	Good	f	f	f	29-7	29
568	Good	f	f	f	29-8	29
569	Good	f	f	f	29-9	29
570	Good	f	f	f	29-10	29
571	Good	f	f	f	29-11	29
572	Good	f	f	f	29-12	29
573	Good	f	f	f	29-13	29
574	Good	f	f	f	29-14	29
575	Good	f	f	f	29-15	29
576	Good	f	f	f	29-16	29
577	Good	f	f	f	29-17	29
578	Good	f	f	f	29-18	29
579	Good	f	f	f	29-19	29
580	Good	f	f	f	29-20	29
581	Good	f	f	f	30-1	30
582	Good	f	f	f	30-2	30
583	Good	f	f	f	30-3	30
584	Good	f	f	f	30-4	30
585	Good	f	f	f	30-5	30
586	Good	f	f	f	30-6	30
587	Good	f	f	f	30-7	30
588	Good	f	f	f	30-8	30
589	Good	f	f	f	30-9	30
590	Good	f	f	f	30-10	30
591	Good	f	f	f	30-11	30
592	Good	f	f	f	30-12	30
593	Good	f	f	f	30-13	30
594	Good	f	f	f	30-14	30
595	Good	f	f	f	30-15	30
596	Good	f	f	f	30-16	30
597	Good	f	f	f	30-17	30
598	Good	f	f	f	30-18	30
599	Good	f	f	f	30-19	30
600	Good	f	f	f	30-20	30
601	Good	f	f	f	31-1	31
602	Good	f	f	f	31-2	31
603	Good	f	f	f	31-3	31
604	Good	f	f	f	31-4	31
605	Good	f	f	f	31-5	31
606	Good	f	f	f	31-6	31
607	Good	f	f	f	31-7	31
608	Good	f	f	f	31-8	31
609	Good	f	f	f	31-9	31
610	Good	f	f	f	31-10	31
611	Good	f	f	f	31-11	31
612	Good	f	f	f	31-12	31
613	Good	f	f	f	31-13	31
614	Good	f	f	f	31-14	31
615	Good	f	f	f	31-15	31
616	Good	f	f	f	31-16	31
617	Good	f	f	f	31-17	31
618	Good	f	f	f	31-18	31
619	Good	f	f	f	31-19	31
620	Good	f	f	f	31-20	31
621	Good	f	f	f	32-1	32
622	Good	f	f	f	32-2	32
623	Good	f	f	f	32-3	32
624	Good	f	f	f	32-4	32
625	Good	f	f	f	32-5	32
626	Good	f	f	f	32-6	32
627	Good	f	f	f	32-7	32
628	Good	f	f	f	32-8	32
629	Good	f	f	f	32-9	32
630	Good	f	f	f	32-10	32
631	Good	f	f	f	32-11	32
632	Good	f	f	f	32-12	32
633	Good	f	f	f	32-13	32
634	Good	f	f	f	32-14	32
635	Good	f	f	f	32-15	32
636	Good	f	f	f	32-16	32
637	Good	f	f	f	32-17	32
638	Good	f	f	f	32-18	32
639	Good	f	f	f	32-19	32
640	Good	f	f	f	32-20	32
641	Good	f	f	f	33-1	33
642	Good	f	f	f	33-2	33
643	Good	f	f	f	33-3	33
644	Good	f	f	f	33-4	33
645	Good	f	f	f	33-5	33
646	Good	f	f	f	33-6	33
647	Good	f	f	f	33-7	33
648	Good	f	f	f	33-8	33
649	Good	f	f	f	33-9	33
650	Good	f	f	f	33-10	33
651	Good	f	f	f	33-11	33
652	Good	f	f	f	33-12	33
653	Good	f	f	f	33-13	33
654	Good	f	f	f	33-14	33
655	Good	f	f	f	33-15	33
656	Good	f	f	f	33-16	33
657	Good	f	f	f	33-17	33
658	Good	f	f	f	33-18	33
659	Good	f	f	f	33-19	33
660	Good	f	f	f	33-20	33
661	Good	f	f	f	34-1	34
662	Good	f	f	f	34-2	34
663	Good	f	f	f	34-3	34
664	Good	f	f	f	34-4	34
665	Good	f	f	f	34-5	34
666	Good	f	f	f	34-6	34
667	Good	f	f	f	34-7	34
668	Good	f	f	f	34-8	34
669	Good	f	f	f	34-9	34
670	Good	f	f	f	34-10	34
671	Good	f	f	f	34-11	34
672	Good	f	f	f	34-12	34
673	Good	f	f	f	34-13	34
674	Good	f	f	f	34-14	34
675	Good	f	f	f	34-15	34
676	Good	f	f	f	34-16	34
677	Good	f	f	f	34-17	34
678	Good	f	f	f	34-18	34
679	Good	f	f	f	34-19	34
680	Good	f	f	f	34-20	34
681	Good	f	f	f	35-1	35
682	Good	f	f	f	35-2	35
683	Good	f	f	f	35-3	35
684	Good	f	f	f	35-4	35
685	Good	f	f	f	35-5	35
686	Good	f	f	f	35-6	35
687	Good	f	f	f	35-7	35
688	Good	f	f	f	35-8	35
689	Good	f	f	f	35-9	35
690	Good	f	f	f	35-10	35
691	Good	f	f	f	35-11	35
692	Good	f	f	f	35-12	35
693	Good	f	f	f	35-13	35
694	Good	f	f	f	35-14	35
695	Good	f	f	f	35-15	35
696	Good	f	f	f	35-16	35
697	Good	f	f	f	35-17	35
698	Good	f	f	f	35-18	35
699	Good	f	f	f	35-19	35
700	Good	f	f	f	35-20	35
701	Good	f	f	f	36-1	36
702	Good	f	f	f	36-2	36
703	Good	f	f	f	36-3	36
704	Good	f	f	f	36-4	36
705	Good	f	f	f	36-5	36
706	Good	f	f	f	36-6	36
707	Good	f	f	f	36-7	36
708	Good	f	f	f	36-8	36
709	Good	f	f	f	36-9	36
710	Good	f	f	f	36-10	36
711	Good	f	f	f	36-11	36
712	Good	f	f	f	36-12	36
713	Good	f	f	f	36-13	36
714	Good	f	f	f	36-14	36
715	Good	f	f	f	36-15	36
716	Good	f	f	f	36-16	36
717	Good	f	f	f	36-17	36
718	Good	f	f	f	36-18	36
719	Good	f	f	f	36-19	36
720	Good	f	f	f	36-20	36
721	Good	f	f	f	37-1	37
722	Good	f	f	f	37-2	37
723	Good	f	f	f	37-3	37
724	Good	f	f	f	37-4	37
725	Good	f	f	f	37-5	37
726	Good	f	f	f	37-6	37
727	Good	f	f	f	37-7	37
728	Good	f	f	f	37-8	37
729	Good	f	f	f	37-9	37
730	Good	f	f	f	37-10	37
731	Good	f	f	f	37-11	37
732	Good	f	f	f	37-12	37
733	Good	f	f	f	37-13	37
734	Good	f	f	f	37-14	37
735	Good	f	f	f	37-15	37
736	Good	f	f	f	37-16	37
737	Good	f	f	f	37-17	37
738	Good	f	f	f	37-18	37
739	Good	f	f	f	37-19	37
740	Good	f	f	f	37-20	37
741	Good	f	f	f	38-1	38
742	Good	f	f	f	38-2	38
743	Good	f	f	f	38-3	38
744	Good	f	f	f	38-4	38
745	Good	f	f	f	38-5	38
746	Good	f	f	f	38-6	38
747	Good	f	f	f	38-7	38
748	Good	f	f	f	38-8	38
749	Good	f	f	f	38-9	38
750	Good	f	f	f	38-10	38
751	Good	f	f	f	38-11	38
752	Good	f	f	f	38-12	38
753	Good	f	f	f	38-13	38
754	Good	f	f	f	38-14	38
755	Good	f	f	f	38-15	38
756	Good	f	f	f	38-16	38
757	Good	f	f	f	38-17	38
758	Good	f	f	f	38-18	38
759	Good	f	f	f	38-19	38
760	Good	f	f	f	38-20	38
761	Good	f	f	f	39-1	39
762	Good	f	f	f	39-2	39
763	Good	f	f	f	39-3	39
764	Good	f	f	f	39-4	39
765	Good	f	f	f	39-5	39
766	Good	f	f	f	39-6	39
767	Good	f	f	f	39-7	39
768	Good	f	f	f	39-8	39
769	Good	f	f	f	39-9	39
770	Good	f	f	f	39-10	39
771	Good	f	f	f	39-11	39
772	Good	f	f	f	39-12	39
773	Good	f	f	f	39-13	39
774	Good	f	f	f	39-14	39
775	Good	f	f	f	39-15	39
776	Good	f	f	f	39-16	39
777	Good	f	f	f	39-17	39
778	Good	f	f	f	39-18	39
779	Good	f	f	f	39-19	39
780	Good	f	f	f	39-20	39
781	Good	f	f	f	40-1	40
782	Good	f	f	f	40-2	40
783	Good	f	f	f	40-3	40
784	Good	f	f	f	40-4	40
785	Good	f	f	f	40-5	40
786	Good	f	f	f	40-6	40
787	Good	f	f	f	40-7	40
788	Good	f	f	f	40-8	40
789	Good	f	f	f	40-9	40
790	Good	f	f	f	40-10	40
791	Good	f	f	f	40-11	40
792	Good	f	f	f	40-12	40
793	Good	f	f	f	40-13	40
794	Good	f	f	f	40-14	40
795	Good	f	f	f	40-15	40
796	Good	f	f	f	40-16	40
797	Good	f	f	f	40-17	40
798	Good	f	f	f	40-18	40
799	Good	f	f	f	40-19	40
800	Good	f	f	f	40-20	40
801	Good	f	f	f	41-1	41
802	Good	f	f	f	41-2	41
803	Good	f	f	f	41-3	41
804	Good	f	f	f	41-4	41
805	Good	f	f	f	41-5	41
806	Good	f	f	f	41-6	41
807	Good	f	f	f	41-7	41
808	Good	f	f	f	41-8	41
809	Good	f	f	f	41-9	41
810	Good	f	f	f	41-10	41
811	Good	f	f	f	41-11	41
812	Good	f	f	f	41-12	41
813	Good	f	f	f	41-13	41
814	Good	f	f	f	41-14	41
815	Good	f	f	f	41-15	41
816	Good	f	f	f	41-16	41
817	Good	f	f	f	41-17	41
818	Good	f	f	f	41-18	41
819	Good	f	f	f	41-19	41
820	Good	f	f	f	41-20	41
821	Good	f	f	f	42-1	42
822	Good	f	f	f	42-2	42
823	Good	f	f	f	42-3	42
824	Good	f	f	f	42-4	42
825	Good	f	f	f	42-5	42
826	Good	f	f	f	42-6	42
827	Good	f	f	f	42-7	42
828	Good	f	f	f	42-8	42
829	Good	f	f	f	42-9	42
830	Good	f	f	f	42-10	42
831	Good	f	f	f	42-11	42
832	Good	f	f	f	42-12	42
833	Good	f	f	f	42-13	42
834	Good	f	f	f	42-14	42
835	Good	f	f	f	42-15	42
836	Good	f	f	f	42-16	42
837	Good	f	f	f	42-17	42
838	Good	f	f	f	42-18	42
839	Good	f	f	f	42-19	42
840	Good	f	f	f	42-20	42
841	Good	f	f	f	43-1	43
842	Good	f	f	f	43-2	43
843	Good	f	f	f	43-3	43
844	Good	f	f	f	43-4	43
845	Good	f	f	f	43-5	43
846	Good	f	f	f	43-6	43
847	Good	f	f	f	43-7	43
848	Good	f	f	f	43-8	43
849	Good	f	f	f	43-9	43
850	Good	f	f	f	43-10	43
851	Good	f	f	f	43-11	43
852	Good	f	f	f	43-12	43
853	Good	f	f	f	43-13	43
854	Good	f	f	f	43-14	43
855	Good	f	f	f	43-15	43
856	Good	f	f	f	43-16	43
857	Good	f	f	f	43-17	43
858	Good	f	f	f	43-18	43
859	Good	f	f	f	43-19	43
860	Good	f	f	f	43-20	43
861	Good	f	f	f	44-1	44
862	Good	f	f	f	44-2	44
863	Good	f	f	f	44-3	44
864	Good	f	f	f	44-4	44
865	Good	f	f	f	44-5	44
866	Good	f	f	f	44-6	44
867	Good	f	f	f	44-7	44
868	Good	f	f	f	44-8	44
869	Good	f	f	f	44-9	44
870	Good	f	f	f	44-10	44
871	Good	f	f	f	44-11	44
872	Good	f	f	f	44-12	44
873	Good	f	f	f	44-13	44
874	Good	f	f	f	44-14	44
875	Good	f	f	f	44-15	44
876	Good	f	f	f	44-16	44
877	Good	f	f	f	44-17	44
878	Good	f	f	f	44-18	44
879	Good	f	f	f	44-19	44
880	Good	f	f	f	44-20	44
881	Good	f	f	f	45-1	45
882	Good	f	f	f	45-2	45
883	Good	f	f	f	45-3	45
884	Good	f	f	f	45-4	45
885	Good	f	f	f	45-5	45
886	Good	f	f	f	45-6	45
887	Good	f	f	f	45-7	45
888	Good	f	f	f	45-8	45
889	Good	f	f	f	45-9	45
890	Good	f	f	f	45-10	45
891	Good	f	f	f	45-11	45
892	Good	f	f	f	45-12	45
893	Good	f	f	f	45-13	45
894	Good	f	f	f	45-14	45
895	Good	f	f	f	45-15	45
896	Good	f	f	f	45-16	45
897	Good	f	f	f	45-17	45
898	Good	f	f	f	45-18	45
899	Good	f	f	f	45-19	45
900	Good	f	f	f	45-20	45
901	Good	f	f	f	46-1	46
902	Good	f	f	f	46-2	46
903	Good	f	f	f	46-3	46
904	Good	f	f	f	46-4	46
905	Good	f	f	f	46-5	46
906	Good	f	f	f	46-6	46
907	Good	f	f	f	46-7	46
908	Good	f	f	f	46-8	46
909	Good	f	f	f	46-9	46
910	Good	f	f	f	46-10	46
911	Good	f	f	f	46-11	46
912	Good	f	f	f	46-12	46
913	Good	f	f	f	46-13	46
914	Good	f	f	f	46-14	46
915	Good	f	f	f	46-15	46
916	Good	f	f	f	46-16	46
917	Good	f	f	f	46-17	46
918	Good	f	f	f	46-18	46
919	Good	f	f	f	46-19	46
920	Good	f	f	f	46-20	46
921	Good	f	f	f	47-1	47
922	Good	f	f	f	47-2	47
923	Good	f	f	f	47-3	47
924	Good	f	f	f	47-4	47
925	Good	f	f	f	47-5	47
926	Good	f	f	f	47-6	47
927	Good	f	f	f	47-7	47
928	Good	f	f	f	47-8	47
929	Good	f	f	f	47-9	47
930	Good	f	f	f	47-10	47
931	Good	f	f	f	47-11	47
932	Good	f	f	f	47-12	47
933	Good	f	f	f	47-13	47
934	Good	f	f	f	47-14	47
935	Good	f	f	f	47-15	47
936	Good	f	f	f	47-16	47
937	Good	f	f	f	47-17	47
938	Good	f	f	f	47-18	47
939	Good	f	f	f	47-19	47
940	Good	f	f	f	47-20	47
941	Good	f	f	f	48-1	48
942	Good	f	f	f	48-2	48
943	Good	f	f	f	48-3	48
944	Good	f	f	f	48-4	48
945	Good	f	f	f	48-5	48
946	Good	f	f	f	48-6	48
947	Good	f	f	f	48-7	48
948	Good	f	f	f	48-8	48
949	Good	f	f	f	48-9	48
950	Good	f	f	f	48-10	48
951	Good	f	f	f	48-11	48
952	Good	f	f	f	48-12	48
953	Good	f	f	f	48-13	48
954	Good	f	f	f	48-14	48
955	Good	f	f	f	48-15	48
956	Good	f	f	f	48-16	48
957	Good	f	f	f	48-17	48
958	Good	f	f	f	48-18	48
959	Good	f	f	f	48-19	48
960	Good	f	f	f	48-20	48
961	Good	f	f	f	49-1	49
962	Good	f	f	f	49-2	49
963	Good	f	f	f	49-3	49
964	Good	f	f	f	49-4	49
965	Good	f	f	f	49-5	49
966	Good	f	f	f	49-6	49
967	Good	f	f	f	49-7	49
968	Good	f	f	f	49-8	49
969	Good	f	f	f	49-9	49
970	Good	f	f	f	49-10	49
971	Good	f	f	f	49-11	49
972	Good	f	f	f	49-12	49
973	Good	f	f	f	49-13	49
974	Good	f	f	f	49-14	49
975	Good	f	f	f	49-15	49
976	Good	f	f	f	49-16	49
977	Good	f	f	f	49-17	49
978	Good	f	f	f	49-18	49
979	Good	f	f	f	49-19	49
980	Good	f	f	f	49-20	49
981	Good	f	f	f	50-1	50
982	Good	f	f	f	50-2	50
983	Good	f	f	f	50-3	50
984	Good	f	f	f	50-4	50
985	Good	f	f	f	50-5	50
986	Good	f	f	f	50-6	50
987	Good	f	f	f	50-7	50
988	Good	f	f	f	50-8	50
989	Good	f	f	f	50-9	50
990	Good	f	f	f	50-10	50
991	Good	f	f	f	50-11	50
992	Good	f	f	f	50-12	50
993	Good	f	f	f	50-13	50
994	Good	f	f	f	50-14	50
995	Good	f	f	f	50-15	50
996	Good	f	f	f	50-16	50
997	Good	f	f	f	50-17	50
998	Good	f	f	f	50-18	50
999	Good	f	f	f	50-19	50
1000	Good	f	f	f	50-20	50
1001	Good	f	f	f	51-1	51
1002	Good	f	f	f	51-2	51
1003	Good	f	f	f	51-3	51
1004	Good	f	f	f	51-4	51
1005	Good	f	f	f	51-5	51
1006	Good	f	f	f	51-6	51
1007	Good	f	f	f	51-7	51
1008	Good	f	f	f	51-8	51
1009	Good	f	f	f	51-9	51
1010	Good	f	f	f	51-10	51
1011	Good	f	f	f	51-11	51
1012	Good	f	f	f	51-12	51
1013	Good	f	f	f	51-13	51
1014	Good	f	f	f	51-14	51
1015	Good	f	f	f	51-15	51
1016	Good	f	f	f	51-16	51
1017	Good	f	f	f	51-17	51
1018	Good	f	f	f	51-18	51
1019	Good	f	f	f	51-19	51
1020	Good	f	f	f	51-20	51
1021	Good	f	f	f	52-1	52
1022	Good	f	f	f	52-2	52
1023	Good	f	f	f	52-3	52
1024	Good	f	f	f	52-4	52
1025	Good	f	f	f	52-5	52
1026	Good	f	f	f	52-6	52
1027	Good	f	f	f	52-7	52
1028	Good	f	f	f	52-8	52
1029	Good	f	f	f	52-9	52
1030	Good	f	f	f	52-10	52
1031	Good	f	f	f	52-11	52
1032	Good	f	f	f	52-12	52
1033	Good	f	f	f	52-13	52
1034	Good	f	f	f	52-14	52
1035	Good	f	f	f	52-15	52
1036	Good	f	f	f	52-16	52
1037	Good	f	f	f	52-17	52
1038	Good	f	f	f	52-18	52
1039	Good	f	f	f	52-19	52
1040	Good	f	f	f	52-20	52
1041	Good	f	f	f	53-1	53
1042	Good	f	f	f	53-2	53
1043	Good	f	f	f	53-3	53
1044	Good	f	f	f	53-4	53
1045	Good	f	f	f	53-5	53
1046	Good	f	f	f	53-6	53
1047	Good	f	f	f	53-7	53
1048	Good	f	f	f	53-8	53
1049	Good	f	f	f	53-9	53
1050	Good	f	f	f	53-10	53
1051	Good	f	f	f	53-11	53
1052	Good	f	f	f	53-12	53
1053	Good	f	f	f	53-13	53
1054	Good	f	f	f	53-14	53
1055	Good	f	f	f	53-15	53
1056	Good	f	f	f	53-16	53
1057	Good	f	f	f	53-17	53
1058	Good	f	f	f	53-18	53
1059	Good	f	f	f	53-19	53
1060	Good	f	f	f	53-20	53
1061	Good	f	f	f	54-1	54
1062	Good	f	f	f	54-2	54
1063	Good	f	f	f	54-3	54
1064	Good	f	f	f	54-4	54
1065	Good	f	f	f	54-5	54
1066	Good	f	f	f	54-6	54
1067	Good	f	f	f	54-7	54
1068	Good	f	f	f	54-8	54
1069	Good	f	f	f	54-9	54
1070	Good	f	f	f	54-10	54
1071	Good	f	f	f	54-11	54
1072	Good	f	f	f	54-12	54
1073	Good	f	f	f	54-13	54
1074	Good	f	f	f	54-14	54
1075	Good	f	f	f	54-15	54
1076	Good	f	f	f	54-16	54
1077	Good	f	f	f	54-17	54
1078	Good	f	f	f	54-18	54
1079	Good	f	f	f	54-19	54
1080	Good	f	f	f	54-20	54
1081	Good	f	f	f	55-1	55
1082	Good	f	f	f	55-2	55
1083	Good	f	f	f	55-3	55
1084	Good	f	f	f	55-4	55
1085	Good	f	f	f	55-5	55
1086	Good	f	f	f	55-6	55
1087	Good	f	f	f	55-7	55
1088	Good	f	f	f	55-8	55
1089	Good	f	f	f	55-9	55
1090	Good	f	f	f	55-10	55
1091	Good	f	f	f	55-11	55
1092	Good	f	f	f	55-12	55
1093	Good	f	f	f	55-13	55
1094	Good	f	f	f	55-14	55
1095	Good	f	f	f	55-15	55
1096	Good	f	f	f	55-16	55
1097	Good	f	f	f	55-17	55
1098	Good	f	f	f	55-18	55
1099	Good	f	f	f	55-19	55
1100	Good	f	f	f	55-20	55
1101	Good	f	f	f	56-1	56
1102	Good	f	f	f	56-2	56
1103	Good	f	f	f	56-3	56
1104	Good	f	f	f	56-4	56
1105	Good	f	f	f	56-5	56
1106	Good	f	f	f	56-6	56
1107	Good	f	f	f	56-7	56
1108	Good	f	f	f	56-8	56
1109	Good	f	f	f	56-9	56
1110	Good	f	f	f	56-10	56
1111	Good	f	f	f	56-11	56
1112	Good	f	f	f	56-12	56
1113	Good	f	f	f	56-13	56
1114	Good	f	f	f	56-14	56
1115	Good	f	f	f	56-15	56
1116	Good	f	f	f	56-16	56
1117	Good	f	f	f	56-17	56
1118	Good	f	f	f	56-18	56
1119	Good	f	f	f	56-19	56
1120	Good	f	f	f	56-20	56
1121	Good	f	f	f	57-1	57
1122	Good	f	f	f	57-2	57
1123	Good	f	f	f	57-3	57
1124	Good	f	f	f	57-4	57
1125	Good	f	f	f	57-5	57
1126	Good	f	f	f	57-6	57
1127	Good	f	f	f	57-7	57
1128	Good	f	f	f	57-8	57
1129	Good	f	f	f	57-9	57
1130	Good	f	f	f	57-10	57
1131	Good	f	f	f	57-11	57
1132	Good	f	f	f	57-12	57
1133	Good	f	f	f	57-13	57
1134	Good	f	f	f	57-14	57
1135	Good	f	f	f	57-15	57
1136	Good	f	f	f	57-16	57
1137	Good	f	f	f	57-17	57
1138	Good	f	f	f	57-18	57
1139	Good	f	f	f	57-19	57
1140	Good	f	f	f	57-20	57
1141	Good	f	f	f	58-1	58
1142	Good	f	f	f	58-2	58
1143	Good	f	f	f	58-3	58
1144	Good	f	f	f	58-4	58
1145	Good	f	f	f	58-5	58
1146	Good	f	f	f	58-6	58
1147	Good	f	f	f	58-7	58
1148	Good	f	f	f	58-8	58
1149	Good	f	f	f	58-9	58
1150	Good	f	f	f	58-10	58
1151	Good	f	f	f	58-11	58
1152	Good	f	f	f	58-12	58
1153	Good	f	f	f	58-13	58
1154	Good	f	f	f	58-14	58
1155	Good	f	f	f	58-15	58
1156	Good	f	f	f	58-16	58
1157	Good	f	f	f	58-17	58
1158	Good	f	f	f	58-18	58
1159	Good	f	f	f	58-19	58
1160	Good	f	f	f	58-20	58
1161	Good	f	f	f	59-1	59
1162	Good	f	f	f	59-2	59
1163	Good	f	f	f	59-3	59
1164	Good	f	f	f	59-4	59
1165	Good	f	f	f	59-5	59
1166	Good	f	f	f	59-6	59
1167	Good	f	f	f	59-7	59
1168	Good	f	f	f	59-8	59
1169	Good	f	f	f	59-9	59
1170	Good	f	f	f	59-10	59
1171	Good	f	f	f	59-11	59
1172	Good	f	f	f	59-12	59
1173	Good	f	f	f	59-13	59
1174	Good	f	f	f	59-14	59
1175	Good	f	f	f	59-15	59
1176	Good	f	f	f	59-16	59
1177	Good	f	f	f	59-17	59
1178	Good	f	f	f	59-18	59
1179	Good	f	f	f	59-19	59
1180	Good	f	f	f	59-20	59
1181	Good	f	f	f	60-1	60
1182	Good	f	f	f	60-2	60
1183	Good	f	f	f	60-3	60
1184	Good	f	f	f	60-4	60
1185	Good	f	f	f	60-5	60
1186	Good	f	f	f	60-6	60
1187	Good	f	f	f	60-7	60
1188	Good	f	f	f	60-8	60
1189	Good	f	f	f	60-9	60
1190	Good	f	f	f	60-10	60
1191	Good	f	f	f	60-11	60
1192	Good	f	f	f	60-12	60
1193	Good	f	f	f	60-13	60
1194	Good	f	f	f	60-14	60
1195	Good	f	f	f	60-15	60
1196	Good	f	f	f	60-16	60
1197	Good	f	f	f	60-17	60
1198	Good	f	f	f	60-18	60
1199	Good	f	f	f	60-19	60
1200	Good	f	f	f	60-20	60
1201	Good	f	f	f	61-1	61
1202	Good	f	f	f	61-2	61
1203	Good	f	f	f	61-3	61
1204	Good	f	f	f	61-4	61
1205	Good	f	f	f	61-5	61
1206	Good	f	f	f	61-6	61
1207	Good	f	f	f	61-7	61
1208	Good	f	f	f	61-8	61
1209	Good	f	f	f	61-9	61
1210	Good	f	f	f	61-10	61
1211	Good	f	f	f	61-11	61
1212	Good	f	f	f	61-12	61
1213	Good	f	f	f	61-13	61
1214	Good	f	f	f	61-14	61
1215	Good	f	f	f	61-15	61
1216	Good	f	f	f	61-16	61
1217	Good	f	f	f	61-17	61
1218	Good	f	f	f	61-18	61
1219	Good	f	f	f	61-19	61
1220	Good	f	f	f	61-20	61
1221	Good	f	f	f	62-1	62
1222	Good	f	f	f	62-2	62
1223	Good	f	f	f	62-3	62
1224	Good	f	f	f	62-4	62
1225	Good	f	f	f	62-5	62
1226	Good	f	f	f	62-6	62
1227	Good	f	f	f	62-7	62
1228	Good	f	f	f	62-8	62
1229	Good	f	f	f	62-9	62
1230	Good	f	f	f	62-10	62
1231	Good	f	f	f	62-11	62
1232	Good	f	f	f	62-12	62
1233	Good	f	f	f	62-13	62
1234	Good	f	f	f	62-14	62
1235	Good	f	f	f	62-15	62
1236	Good	f	f	f	62-16	62
1237	Good	f	f	f	62-17	62
1238	Good	f	f	f	62-18	62
1239	Good	f	f	f	62-19	62
1240	Good	f	f	f	62-20	62
1241	Good	f	f	f	63-1	63
1242	Good	f	f	f	63-2	63
1243	Good	f	f	f	63-3	63
1244	Good	f	f	f	63-4	63
1245	Good	f	f	f	63-5	63
1246	Good	f	f	f	63-6	63
1247	Good	f	f	f	63-7	63
1248	Good	f	f	f	63-8	63
1249	Good	f	f	f	63-9	63
1250	Good	f	f	f	63-10	63
1251	Good	f	f	f	63-11	63
1252	Good	f	f	f	63-12	63
1253	Good	f	f	f	63-13	63
1254	Good	f	f	f	63-14	63
1255	Good	f	f	f	63-15	63
1256	Good	f	f	f	63-16	63
1257	Good	f	f	f	63-17	63
1258	Good	f	f	f	63-18	63
1259	Good	f	f	f	63-19	63
1260	Good	f	f	f	63-20	63
1261	Good	f	f	f	64-1	64
1262	Good	f	f	f	64-2	64
1263	Good	f	f	f	64-3	64
1264	Good	f	f	f	64-4	64
1265	Good	f	f	f	64-5	64
1266	Good	f	f	f	64-6	64
1267	Good	f	f	f	64-7	64
1268	Good	f	f	f	64-8	64
1269	Good	f	f	f	64-9	64
1270	Good	f	f	f	64-10	64
1271	Good	f	f	f	64-11	64
1272	Good	f	f	f	64-12	64
1273	Good	f	f	f	64-13	64
1274	Good	f	f	f	64-14	64
1275	Good	f	f	f	64-15	64
1276	Good	f	f	f	64-16	64
1277	Good	f	f	f	64-17	64
1278	Good	f	f	f	64-18	64
1279	Good	f	f	f	64-19	64
1280	Good	f	f	f	64-20	64
1281	Good	f	f	f	65-1	65
1282	Good	f	f	f	65-2	65
1283	Good	f	f	f	65-3	65
1284	Good	f	f	f	65-4	65
1285	Good	f	f	f	65-5	65
1286	Good	f	f	f	65-6	65
1287	Good	f	f	f	65-7	65
1288	Good	f	f	f	65-8	65
1289	Good	f	f	f	65-9	65
1290	Good	f	f	f	65-10	65
1291	Good	f	f	f	65-11	65
1292	Good	f	f	f	65-12	65
1293	Good	f	f	f	65-13	65
1294	Good	f	f	f	65-14	65
1295	Good	f	f	f	65-15	65
1296	Good	f	f	f	65-16	65
1297	Good	f	f	f	65-17	65
1298	Good	f	f	f	65-18	65
1299	Good	f	f	f	65-19	65
1300	Good	f	f	f	65-20	65
1301	Good	f	f	f	66-1	66
1302	Good	f	f	f	66-2	66
1303	Good	f	f	f	66-3	66
1304	Good	f	f	f	66-4	66
1305	Good	f	f	f	66-5	66
1306	Good	f	f	f	66-6	66
1307	Good	f	f	f	66-7	66
1308	Good	f	f	f	66-8	66
1309	Good	f	f	f	66-9	66
1310	Good	f	f	f	66-10	66
1311	Good	f	f	f	66-11	66
1312	Good	f	f	f	66-12	66
1313	Good	f	f	f	66-13	66
1314	Good	f	f	f	66-14	66
1315	Good	f	f	f	66-15	66
1316	Good	f	f	f	66-16	66
1317	Good	f	f	f	66-17	66
1318	Good	f	f	f	66-18	66
1319	Good	f	f	f	66-19	66
1320	Good	f	f	f	66-20	66
1321	Good	f	f	f	67-1	67
1322	Good	f	f	f	67-2	67
1323	Good	f	f	f	67-3	67
1324	Good	f	f	f	67-4	67
1325	Good	f	f	f	67-5	67
1326	Good	f	f	f	67-6	67
1327	Good	f	f	f	67-7	67
1328	Good	f	f	f	67-8	67
1329	Good	f	f	f	67-9	67
1330	Good	f	f	f	67-10	67
1331	Good	f	f	f	67-11	67
1332	Good	f	f	f	67-12	67
1333	Good	f	f	f	67-13	67
1334	Good	f	f	f	67-14	67
1335	Good	f	f	f	67-15	67
1336	Good	f	f	f	67-16	67
1337	Good	f	f	f	67-17	67
1338	Good	f	f	f	67-18	67
1339	Good	f	f	f	67-19	67
1340	Good	f	f	f	67-20	67
1341	Good	f	f	f	68-1	68
1342	Good	f	f	f	68-2	68
1343	Good	f	f	f	68-3	68
1344	Good	f	f	f	68-4	68
1345	Good	f	f	f	68-5	68
1346	Good	f	f	f	68-6	68
1347	Good	f	f	f	68-7	68
1348	Good	f	f	f	68-8	68
1349	Good	f	f	f	68-9	68
1350	Good	f	f	f	68-10	68
1351	Good	f	f	f	68-11	68
1352	Good	f	f	f	68-12	68
1353	Good	f	f	f	68-13	68
1354	Good	f	f	f	68-14	68
1355	Good	f	f	f	68-15	68
1356	Good	f	f	f	68-16	68
1357	Good	f	f	f	68-17	68
1358	Good	f	f	f	68-18	68
1359	Good	f	f	f	68-19	68
1360	Good	f	f	f	68-20	68
1361	Good	f	f	f	69-1	69
1362	Good	f	f	f	69-2	69
1363	Good	f	f	f	69-3	69
1364	Good	f	f	f	69-4	69
1365	Good	f	f	f	69-5	69
1366	Good	f	f	f	69-6	69
1367	Good	f	f	f	69-7	69
1368	Good	f	f	f	69-8	69
1369	Good	f	f	f	69-9	69
1370	Good	f	f	f	69-10	69
1371	Good	f	f	f	69-11	69
1372	Good	f	f	f	69-12	69
1373	Good	f	f	f	69-13	69
1374	Good	f	f	f	69-14	69
1375	Good	f	f	f	69-15	69
1376	Good	f	f	f	69-16	69
1377	Good	f	f	f	69-17	69
1378	Good	f	f	f	69-18	69
1379	Good	f	f	f	69-19	69
1380	Good	f	f	f	69-20	69
1381	Good	f	f	f	70-1	70
1382	Good	f	f	f	70-2	70
1383	Good	f	f	f	70-3	70
1384	Good	f	f	f	70-4	70
1385	Good	f	f	f	70-5	70
1386	Good	f	f	f	70-6	70
1387	Good	f	f	f	70-7	70
1388	Good	f	f	f	70-8	70
1389	Good	f	f	f	70-9	70
1390	Good	f	f	f	70-10	70
1391	Good	f	f	f	70-11	70
1392	Good	f	f	f	70-12	70
1393	Good	f	f	f	70-13	70
1394	Good	f	f	f	70-14	70
1395	Good	f	f	f	70-15	70
1396	Good	f	f	f	70-16	70
1397	Good	f	f	f	70-17	70
1398	Good	f	f	f	70-18	70
1399	Good	f	f	f	70-19	70
1400	Good	f	f	f	70-20	70
1401	Good	f	f	f	71-1	71
1402	Good	f	f	f	71-2	71
1403	Good	f	f	f	71-3	71
1404	Good	f	f	f	71-4	71
1405	Good	f	f	f	71-5	71
1406	Good	f	f	f	71-6	71
1407	Good	f	f	f	71-7	71
1408	Good	f	f	f	71-8	71
1409	Good	f	f	f	71-9	71
1410	Good	f	f	f	71-10	71
1411	Good	f	f	f	71-11	71
1412	Good	f	f	f	71-12	71
1413	Good	f	f	f	71-13	71
1414	Good	f	f	f	71-14	71
1415	Good	f	f	f	71-15	71
1416	Good	f	f	f	71-16	71
1417	Good	f	f	f	71-17	71
1418	Good	f	f	f	71-18	71
1419	Good	f	f	f	71-19	71
1420	Good	f	f	f	71-20	71
1421	Good	f	f	f	72-1	72
1422	Good	f	f	f	72-2	72
1423	Good	f	f	f	72-3	72
1424	Good	f	f	f	72-4	72
1425	Good	f	f	f	72-5	72
1426	Good	f	f	f	72-6	72
1427	Good	f	f	f	72-7	72
1428	Good	f	f	f	72-8	72
1429	Good	f	f	f	72-9	72
1430	Good	f	f	f	72-10	72
1431	Good	f	f	f	72-11	72
1432	Good	f	f	f	72-12	72
1433	Good	f	f	f	72-13	72
1434	Good	f	f	f	72-14	72
1435	Good	f	f	f	72-15	72
1436	Good	f	f	f	72-16	72
1437	Good	f	f	f	72-17	72
1438	Good	f	f	f	72-18	72
1439	Good	f	f	f	72-19	72
1440	Good	f	f	f	72-20	72
1441	Good	f	f	f	73-1	73
1442	Good	f	f	f	73-2	73
1443	Good	f	f	f	73-3	73
1444	Good	f	f	f	73-4	73
1445	Good	f	f	f	73-5	73
1446	Good	f	f	f	73-6	73
1447	Good	f	f	f	73-7	73
1448	Good	f	f	f	73-8	73
1449	Good	f	f	f	73-9	73
1450	Good	f	f	f	73-10	73
1451	Good	f	f	f	73-11	73
1452	Good	f	f	f	73-12	73
1453	Good	f	f	f	73-13	73
1454	Good	f	f	f	73-14	73
1455	Good	f	f	f	73-15	73
1456	Good	f	f	f	73-16	73
1457	Good	f	f	f	73-17	73
1458	Good	f	f	f	73-18	73
1459	Good	f	f	f	73-19	73
1460	Good	f	f	f	73-20	73
1461	Good	f	f	f	74-1	74
1462	Good	f	f	f	74-2	74
1463	Good	f	f	f	74-3	74
1464	Good	f	f	f	74-4	74
1465	Good	f	f	f	74-5	74
1466	Good	f	f	f	74-6	74
1467	Good	f	f	f	74-7	74
1468	Good	f	f	f	74-8	74
1469	Good	f	f	f	74-9	74
1470	Good	f	f	f	74-10	74
1471	Good	f	f	f	74-11	74
1472	Good	f	f	f	74-12	74
1473	Good	f	f	f	74-13	74
1474	Good	f	f	f	74-14	74
1475	Good	f	f	f	74-15	74
1476	Good	f	f	f	74-16	74
1477	Good	f	f	f	74-17	74
1478	Good	f	f	f	74-18	74
1479	Good	f	f	f	74-19	74
1480	Good	f	f	f	74-20	74
1481	Good	f	f	f	75-1	75
1482	Good	f	f	f	75-2	75
1483	Good	f	f	f	75-3	75
1484	Good	f	f	f	75-4	75
1485	Good	f	f	f	75-5	75
1486	Good	f	f	f	75-6	75
1487	Good	f	f	f	75-7	75
1488	Good	f	f	f	75-8	75
1489	Good	f	f	f	75-9	75
1490	Good	f	f	f	75-10	75
1491	Good	f	f	f	75-11	75
1492	Good	f	f	f	75-12	75
1493	Good	f	f	f	75-13	75
1494	Good	f	f	f	75-14	75
1495	Good	f	f	f	75-15	75
1496	Good	f	f	f	75-16	75
1497	Good	f	f	f	75-17	75
1498	Good	f	f	f	75-18	75
1499	Good	f	f	f	75-19	75
1500	Good	f	f	f	75-20	75
1501	Good	f	f	f	76-1	76
1502	Good	f	f	f	76-2	76
1503	Good	f	f	f	76-3	76
1504	Good	f	f	f	76-4	76
1505	Good	f	f	f	76-5	76
1506	Good	f	f	f	76-6	76
1507	Good	f	f	f	76-7	76
1508	Good	f	f	f	76-8	76
1509	Good	f	f	f	76-9	76
1510	Good	f	f	f	76-10	76
1511	Good	f	f	f	76-11	76
1512	Good	f	f	f	76-12	76
1513	Good	f	f	f	76-13	76
1514	Good	f	f	f	76-14	76
1515	Good	f	f	f	76-15	76
1516	Good	f	f	f	76-16	76
1517	Good	f	f	f	76-17	76
1518	Good	f	f	f	76-18	76
1519	Good	f	f	f	76-19	76
1520	Good	f	f	f	76-20	76
1521	Good	f	f	f	77-1	77
1522	Good	f	f	f	77-2	77
1523	Good	f	f	f	77-3	77
1524	Good	f	f	f	77-4	77
1525	Good	f	f	f	77-5	77
1526	Good	f	f	f	77-6	77
1527	Good	f	f	f	77-7	77
1528	Good	f	f	f	77-8	77
1529	Good	f	f	f	77-9	77
1530	Good	f	f	f	77-10	77
1531	Good	f	f	f	77-11	77
1532	Good	f	f	f	77-12	77
1533	Good	f	f	f	77-13	77
1534	Good	f	f	f	77-14	77
1535	Good	f	f	f	77-15	77
1536	Good	f	f	f	77-16	77
1537	Good	f	f	f	77-17	77
1538	Good	f	f	f	77-18	77
1539	Good	f	f	f	77-19	77
1540	Good	f	f	f	77-20	77
1541	Good	f	f	f	78-1	78
1542	Good	f	f	f	78-2	78
1543	Good	f	f	f	78-3	78
1544	Good	f	f	f	78-4	78
1545	Good	f	f	f	78-5	78
1546	Good	f	f	f	78-6	78
1547	Good	f	f	f	78-7	78
1548	Good	f	f	f	78-8	78
1549	Good	f	f	f	78-9	78
1550	Good	f	f	f	78-10	78
1551	Good	f	f	f	78-11	78
1552	Good	f	f	f	78-12	78
1553	Good	f	f	f	78-13	78
1554	Good	f	f	f	78-14	78
1555	Good	f	f	f	78-15	78
1556	Good	f	f	f	78-16	78
1557	Good	f	f	f	78-17	78
1558	Good	f	f	f	78-18	78
1559	Good	f	f	f	78-19	78
1560	Good	f	f	f	78-20	78
1561	Good	f	f	f	79-1	79
1562	Good	f	f	f	79-2	79
1563	Good	f	f	f	79-3	79
1564	Good	f	f	f	79-4	79
1565	Good	f	f	f	79-5	79
1566	Good	f	f	f	79-6	79
1567	Good	f	f	f	79-7	79
1568	Good	f	f	f	79-8	79
1569	Good	f	f	f	79-9	79
1570	Good	f	f	f	79-10	79
1571	Good	f	f	f	79-11	79
1572	Good	f	f	f	79-12	79
1573	Good	f	f	f	79-13	79
1574	Good	f	f	f	79-14	79
1575	Good	f	f	f	79-15	79
1576	Good	f	f	f	79-16	79
1577	Good	f	f	f	79-17	79
1578	Good	f	f	f	79-18	79
1579	Good	f	f	f	79-19	79
1580	Good	f	f	f	79-20	79
1581	Good	f	f	f	80-1	80
1582	Good	f	f	f	80-2	80
1583	Good	f	f	f	80-3	80
1584	Good	f	f	f	80-4	80
1585	Good	f	f	f	80-5	80
1586	Good	f	f	f	80-6	80
1587	Good	f	f	f	80-7	80
1588	Good	f	f	f	80-8	80
1589	Good	f	f	f	80-9	80
1590	Good	f	f	f	80-10	80
1591	Good	f	f	f	80-11	80
1592	Good	f	f	f	80-12	80
1593	Good	f	f	f	80-13	80
1594	Good	f	f	f	80-14	80
1595	Good	f	f	f	80-15	80
1596	Good	f	f	f	80-16	80
1597	Good	f	f	f	80-17	80
1598	Good	f	f	f	80-18	80
1599	Good	f	f	f	80-19	80
1600	Good	f	f	f	80-20	80
1601	Good	f	f	f	81-1	81
1602	Good	f	f	f	81-2	81
1603	Good	f	f	f	81-3	81
1604	Good	f	f	f	81-4	81
1605	Good	f	f	f	81-5	81
1606	Good	f	f	f	81-6	81
1607	Good	f	f	f	81-7	81
1608	Good	f	f	f	81-8	81
1609	Good	f	f	f	81-9	81
1610	Good	f	f	f	81-10	81
1611	Good	f	f	f	81-11	81
1612	Good	f	f	f	81-12	81
1613	Good	f	f	f	81-13	81
1614	Good	f	f	f	81-14	81
1615	Good	f	f	f	81-15	81
1616	Good	f	f	f	81-16	81
1617	Good	f	f	f	81-17	81
1618	Good	f	f	f	81-18	81
1619	Good	f	f	f	81-19	81
1620	Good	f	f	f	81-20	81
1621	Good	f	f	f	82-1	82
1622	Good	f	f	f	82-2	82
1623	Good	f	f	f	82-3	82
1624	Good	f	f	f	82-4	82
1625	Good	f	f	f	82-5	82
1626	Good	f	f	f	82-6	82
1627	Good	f	f	f	82-7	82
1628	Good	f	f	f	82-8	82
1629	Good	f	f	f	82-9	82
1630	Good	f	f	f	82-10	82
1631	Good	f	f	f	82-11	82
1632	Good	f	f	f	82-12	82
1633	Good	f	f	f	82-13	82
1634	Good	f	f	f	82-14	82
1635	Good	f	f	f	82-15	82
1636	Good	f	f	f	82-16	82
1637	Good	f	f	f	82-17	82
1638	Good	f	f	f	82-18	82
1639	Good	f	f	f	82-19	82
1640	Good	f	f	f	82-20	82
1641	Good	f	f	f	83-1	83
1642	Good	f	f	f	83-2	83
1643	Good	f	f	f	83-3	83
1644	Good	f	f	f	83-4	83
1645	Good	f	f	f	83-5	83
1646	Good	f	f	f	83-6	83
1647	Good	f	f	f	83-7	83
1648	Good	f	f	f	83-8	83
1649	Good	f	f	f	83-9	83
1650	Good	f	f	f	83-10	83
1651	Good	f	f	f	83-11	83
1652	Good	f	f	f	83-12	83
1653	Good	f	f	f	83-13	83
1654	Good	f	f	f	83-14	83
1655	Good	f	f	f	83-15	83
1656	Good	f	f	f	83-16	83
1657	Good	f	f	f	83-17	83
1658	Good	f	f	f	83-18	83
1659	Good	f	f	f	83-19	83
1660	Good	f	f	f	83-20	83
1661	Good	f	f	f	84-1	84
1662	Good	f	f	f	84-2	84
1663	Good	f	f	f	84-3	84
1664	Good	f	f	f	84-4	84
1665	Good	f	f	f	84-5	84
1666	Good	f	f	f	84-6	84
1667	Good	f	f	f	84-7	84
1668	Good	f	f	f	84-8	84
1669	Good	f	f	f	84-9	84
1670	Good	f	f	f	84-10	84
1671	Good	f	f	f	84-11	84
1672	Good	f	f	f	84-12	84
1673	Good	f	f	f	84-13	84
1674	Good	f	f	f	84-14	84
1675	Good	f	f	f	84-15	84
1676	Good	f	f	f	84-16	84
1677	Good	f	f	f	84-17	84
1678	Good	f	f	f	84-18	84
1679	Good	f	f	f	84-19	84
1680	Good	f	f	f	84-20	84
1681	Good	f	f	f	85-1	85
1682	Good	f	f	f	85-2	85
1683	Good	f	f	f	85-3	85
1684	Good	f	f	f	85-4	85
1685	Good	f	f	f	85-5	85
1686	Good	f	f	f	85-6	85
1687	Good	f	f	f	85-7	85
1688	Good	f	f	f	85-8	85
1689	Good	f	f	f	85-9	85
1690	Good	f	f	f	85-10	85
1691	Good	f	f	f	85-11	85
1692	Good	f	f	f	85-12	85
1693	Good	f	f	f	85-13	85
1694	Good	f	f	f	85-14	85
1695	Good	f	f	f	85-15	85
1696	Good	f	f	f	85-16	85
1697	Good	f	f	f	85-17	85
1698	Good	f	f	f	85-18	85
1699	Good	f	f	f	85-19	85
1700	Good	f	f	f	85-20	85
1701	Good	f	f	f	86-1	86
1702	Good	f	f	f	86-2	86
1703	Good	f	f	f	86-3	86
1704	Good	f	f	f	86-4	86
1705	Good	f	f	f	86-5	86
1706	Good	f	f	f	86-6	86
1707	Good	f	f	f	86-7	86
1708	Good	f	f	f	86-8	86
1709	Good	f	f	f	86-9	86
1710	Good	f	f	f	86-10	86
1711	Good	f	f	f	86-11	86
1712	Good	f	f	f	86-12	86
1713	Good	f	f	f	86-13	86
1714	Good	f	f	f	86-14	86
1715	Good	f	f	f	86-15	86
1716	Good	f	f	f	86-16	86
1717	Good	f	f	f	86-17	86
1718	Good	f	f	f	86-18	86
1719	Good	f	f	f	86-19	86
1720	Good	f	f	f	86-20	86
1721	Good	f	f	f	87-1	87
1722	Good	f	f	f	87-2	87
1723	Good	f	f	f	87-3	87
1724	Good	f	f	f	87-4	87
1725	Good	f	f	f	87-5	87
1726	Good	f	f	f	87-6	87
1727	Good	f	f	f	87-7	87
1728	Good	f	f	f	87-8	87
1729	Good	f	f	f	87-9	87
1730	Good	f	f	f	87-10	87
1731	Good	f	f	f	87-11	87
1732	Good	f	f	f	87-12	87
1733	Good	f	f	f	87-13	87
1734	Good	f	f	f	87-14	87
1735	Good	f	f	f	87-15	87
1736	Good	f	f	f	87-16	87
1737	Good	f	f	f	87-17	87
1738	Good	f	f	f	87-18	87
1739	Good	f	f	f	87-19	87
1740	Good	f	f	f	87-20	87
1741	Good	f	f	f	88-1	88
1742	Good	f	f	f	88-2	88
1743	Good	f	f	f	88-3	88
1744	Good	f	f	f	88-4	88
1745	Good	f	f	f	88-5	88
1746	Good	f	f	f	88-6	88
1747	Good	f	f	f	88-7	88
1748	Good	f	f	f	88-8	88
1749	Good	f	f	f	88-9	88
1750	Good	f	f	f	88-10	88
1751	Good	f	f	f	88-11	88
1752	Good	f	f	f	88-12	88
1753	Good	f	f	f	88-13	88
1754	Good	f	f	f	88-14	88
1755	Good	f	f	f	88-15	88
1756	Good	f	f	f	88-16	88
1757	Good	f	f	f	88-17	88
1758	Good	f	f	f	88-18	88
1759	Good	f	f	f	88-19	88
1760	Good	f	f	f	88-20	88
1761	Good	f	f	f	89-1	89
1762	Good	f	f	f	89-2	89
1763	Good	f	f	f	89-3	89
1764	Good	f	f	f	89-4	89
1765	Good	f	f	f	89-5	89
1766	Good	f	f	f	89-6	89
1767	Good	f	f	f	89-7	89
1768	Good	f	f	f	89-8	89
1769	Good	f	f	f	89-9	89
1770	Good	f	f	f	89-10	89
1771	Good	f	f	f	89-11	89
1772	Good	f	f	f	89-12	89
1773	Good	f	f	f	89-13	89
1774	Good	f	f	f	89-14	89
1775	Good	f	f	f	89-15	89
1776	Good	f	f	f	89-16	89
1777	Good	f	f	f	89-17	89
1778	Good	f	f	f	89-18	89
1779	Good	f	f	f	89-19	89
1780	Good	f	f	f	89-20	89
1781	Good	f	f	f	90-1	90
1782	Good	f	f	f	90-2	90
1783	Good	f	f	f	90-3	90
1784	Good	f	f	f	90-4	90
1785	Good	f	f	f	90-5	90
1786	Good	f	f	f	90-6	90
1787	Good	f	f	f	90-7	90
1788	Good	f	f	f	90-8	90
1789	Good	f	f	f	90-9	90
1790	Good	f	f	f	90-10	90
1791	Good	f	f	f	90-11	90
1792	Good	f	f	f	90-12	90
1793	Good	f	f	f	90-13	90
1794	Good	f	f	f	90-14	90
1795	Good	f	f	f	90-15	90
1796	Good	f	f	f	90-16	90
1797	Good	f	f	f	90-17	90
1798	Good	f	f	f	90-18	90
1799	Good	f	f	f	90-19	90
1800	Good	f	f	f	90-20	90
1801	Good	f	f	f	91-1	91
1802	Good	f	f	f	91-2	91
1803	Good	f	f	f	91-3	91
1804	Good	f	f	f	91-4	91
1805	Good	f	f	f	91-5	91
1806	Good	f	f	f	91-6	91
1807	Good	f	f	f	91-7	91
1808	Good	f	f	f	91-8	91
1809	Good	f	f	f	91-9	91
1810	Good	f	f	f	91-10	91
1811	Good	f	f	f	91-11	91
1812	Good	f	f	f	91-12	91
1813	Good	f	f	f	91-13	91
1814	Good	f	f	f	91-14	91
1815	Good	f	f	f	91-15	91
1816	Good	f	f	f	91-16	91
1817	Good	f	f	f	91-17	91
1818	Good	f	f	f	91-18	91
1819	Good	f	f	f	91-19	91
1820	Good	f	f	f	91-20	91
1821	Good	f	f	f	92-1	92
1822	Good	f	f	f	92-2	92
1823	Good	f	f	f	92-3	92
1824	Good	f	f	f	92-4	92
1825	Good	f	f	f	92-5	92
1826	Good	f	f	f	92-6	92
1827	Good	f	f	f	92-7	92
1828	Good	f	f	f	92-8	92
1829	Good	f	f	f	92-9	92
1830	Good	f	f	f	92-10	92
1831	Good	f	f	f	92-11	92
1832	Good	f	f	f	92-12	92
1833	Good	f	f	f	92-13	92
1834	Good	f	f	f	92-14	92
1835	Good	f	f	f	92-15	92
1836	Good	f	f	f	92-16	92
1837	Good	f	f	f	92-17	92
1838	Good	f	f	f	92-18	92
1839	Good	f	f	f	92-19	92
1840	Good	f	f	f	92-20	92
1841	Good	f	f	f	93-1	93
1842	Good	f	f	f	93-2	93
1843	Good	f	f	f	93-3	93
1844	Good	f	f	f	93-4	93
1845	Good	f	f	f	93-5	93
1846	Good	f	f	f	93-6	93
1847	Good	f	f	f	93-7	93
1848	Good	f	f	f	93-8	93
1849	Good	f	f	f	93-9	93
1850	Good	f	f	f	93-10	93
1851	Good	f	f	f	93-11	93
1852	Good	f	f	f	93-12	93
1853	Good	f	f	f	93-13	93
1854	Good	f	f	f	93-14	93
1855	Good	f	f	f	93-15	93
1856	Good	f	f	f	93-16	93
1857	Good	f	f	f	93-17	93
1858	Good	f	f	f	93-18	93
1859	Good	f	f	f	93-19	93
1860	Good	f	f	f	93-20	93
1861	Good	f	f	f	94-1	94
1862	Good	f	f	f	94-2	94
1863	Good	f	f	f	94-3	94
1864	Good	f	f	f	94-4	94
1865	Good	f	f	f	94-5	94
1866	Good	f	f	f	94-6	94
1867	Good	f	f	f	94-7	94
1868	Good	f	f	f	94-8	94
1869	Good	f	f	f	94-9	94
1870	Good	f	f	f	94-10	94
1871	Good	f	f	f	94-11	94
1872	Good	f	f	f	94-12	94
1873	Good	f	f	f	94-13	94
1874	Good	f	f	f	94-14	94
1875	Good	f	f	f	94-15	94
1876	Good	f	f	f	94-16	94
1877	Good	f	f	f	94-17	94
1878	Good	f	f	f	94-18	94
1879	Good	f	f	f	94-19	94
1880	Good	f	f	f	94-20	94
1881	Good	f	f	f	95-1	95
1882	Good	f	f	f	95-2	95
1883	Good	f	f	f	95-3	95
1884	Good	f	f	f	95-4	95
1885	Good	f	f	f	95-5	95
1886	Good	f	f	f	95-6	95
1887	Good	f	f	f	95-7	95
1888	Good	f	f	f	95-8	95
1889	Good	f	f	f	95-9	95
1890	Good	f	f	f	95-10	95
1891	Good	f	f	f	95-11	95
1892	Good	f	f	f	95-12	95
1893	Good	f	f	f	95-13	95
1894	Good	f	f	f	95-14	95
1895	Good	f	f	f	95-15	95
1896	Good	f	f	f	95-16	95
1897	Good	f	f	f	95-17	95
1898	Good	f	f	f	95-18	95
1899	Good	f	f	f	95-19	95
1900	Good	f	f	f	95-20	95
1901	Good	f	f	f	96-1	96
1902	Good	f	f	f	96-2	96
1903	Good	f	f	f	96-3	96
1904	Good	f	f	f	96-4	96
1905	Good	f	f	f	96-5	96
1906	Good	f	f	f	96-6	96
1907	Good	f	f	f	96-7	96
1908	Good	f	f	f	96-8	96
1909	Good	f	f	f	96-9	96
1910	Good	f	f	f	96-10	96
1911	Good	f	f	f	96-11	96
1912	Good	f	f	f	96-12	96
1913	Good	f	f	f	96-13	96
1914	Good	f	f	f	96-14	96
1915	Good	f	f	f	96-15	96
1916	Good	f	f	f	96-16	96
1917	Good	f	f	f	96-17	96
1918	Good	f	f	f	96-18	96
1919	Good	f	f	f	96-19	96
1920	Good	f	f	f	96-20	96
1921	Good	f	f	f	97-1	97
1922	Good	f	f	f	97-2	97
1923	Good	f	f	f	97-3	97
1924	Good	f	f	f	97-4	97
1925	Good	f	f	f	97-5	97
1926	Good	f	f	f	97-6	97
1927	Good	f	f	f	97-7	97
1928	Good	f	f	f	97-8	97
1929	Good	f	f	f	97-9	97
1930	Good	f	f	f	97-10	97
1931	Good	f	f	f	97-11	97
1932	Good	f	f	f	97-12	97
1933	Good	f	f	f	97-13	97
1934	Good	f	f	f	97-14	97
1935	Good	f	f	f	97-15	97
1936	Good	f	f	f	97-16	97
1937	Good	f	f	f	97-17	97
1938	Good	f	f	f	97-18	97
1939	Good	f	f	f	97-19	97
1940	Good	f	f	f	97-20	97
1941	Good	f	f	f	98-1	98
1942	Good	f	f	f	98-2	98
1943	Good	f	f	f	98-3	98
1944	Good	f	f	f	98-4	98
1945	Good	f	f	f	98-5	98
1946	Good	f	f	f	98-6	98
1947	Good	f	f	f	98-7	98
1948	Good	f	f	f	98-8	98
1949	Good	f	f	f	98-9	98
1950	Good	f	f	f	98-10	98
1951	Good	f	f	f	98-11	98
1952	Good	f	f	f	98-12	98
1953	Good	f	f	f	98-13	98
1954	Good	f	f	f	98-14	98
1955	Good	f	f	f	98-15	98
1956	Good	f	f	f	98-16	98
1957	Good	f	f	f	98-17	98
1958	Good	f	f	f	98-18	98
1959	Good	f	f	f	98-19	98
1960	Good	f	f	f	98-20	98
1961	Good	f	f	f	99-1	99
1962	Good	f	f	f	99-2	99
1963	Good	f	f	f	99-3	99
1964	Good	f	f	f	99-4	99
1965	Good	f	f	f	99-5	99
1966	Good	f	f	f	99-6	99
1967	Good	f	f	f	99-7	99
1968	Good	f	f	f	99-8	99
1969	Good	f	f	f	99-9	99
1970	Good	f	f	f	99-10	99
1971	Good	f	f	f	99-11	99
1972	Good	f	f	f	99-12	99
1973	Good	f	f	f	99-13	99
1974	Good	f	f	f	99-14	99
1975	Good	f	f	f	99-15	99
1976	Good	f	f	f	99-16	99
1977	Good	f	f	f	99-17	99
1978	Good	f	f	f	99-18	99
1979	Good	f	f	f	99-19	99
1980	Good	f	f	f	99-20	99
1981	Good	f	f	f	100-1	100
1982	Good	f	f	f	100-2	100
1983	Good	f	f	f	100-3	100
1984	Good	f	f	f	100-4	100
1985	Good	f	f	f	100-5	100
1986	Good	f	f	f	100-6	100
1987	Good	f	f	f	100-7	100
1988	Good	f	f	f	100-8	100
1989	Good	f	f	f	100-9	100
1990	Good	f	f	f	100-10	100
1991	Good	f	f	f	100-11	100
1992	Good	f	f	f	100-12	100
1993	Good	f	f	f	100-13	100
1994	Good	f	f	f	100-14	100
1995	Good	f	f	f	100-15	100
1996	Good	f	f	f	100-16	100
1997	Good	f	f	f	100-17	100
1998	Good	f	f	f	100-18	100
1999	Good	f	f	f	100-19	100
2000	Good	f	f	f	100-20	100
89	Good	f	t	f	5-9	5
2001	Good	f	t	f	1-21	1
8	Good	f	t	f	1-8	1
1	Good	f	t	f	1-1	1
7	Good	f	t	f	1-7	1
6	Good	f	t	f	1-6	1
\.


--
-- Data for Name: inventory_itemprofiling; Type: TABLE DATA; Schema: public; Owner: postgres
--

COPY public.inventory_itemprofiling (id, name, returnable, description, image, "isDeleted", category_id) FROM stdin;
1	Item 0	t	\N	default.png	f	1
2	Item 1	f	\N	default.png	f	1
3	Item 2	t	\N	default.png	f	1
4	Item 3	t	\N	default.png	f	1
5	Item 4	t	\N	default.png	f	1
6	Item 5	t	\N	default.png	f	1
7	Item 6	t	\N	default.png	f	1
8	Item 7	f	\N	default.png	f	1
9	Item 8	t	\N	default.png	f	1
10	Item 9	f	\N	default.png	f	1
11	Item 10	t	\N	default.png	f	2
12	Item 11	f	\N	default.png	f	2
13	Item 12	t	\N	default.png	f	2
14	Item 13	t	\N	default.png	f	2
15	Item 14	t	\N	default.png	f	2
16	Item 15	f	\N	default.png	f	2
17	Item 16	f	\N	default.png	f	2
18	Item 17	t	\N	default.png	f	2
19	Item 18	f	\N	default.png	f	2
20	Item 19	f	\N	default.png	f	2
21	Item 20	f	\N	default.png	f	3
22	Item 21	t	\N	default.png	f	3
23	Item 22	f	\N	default.png	f	3
24	Item 23	f	\N	default.png	f	3
25	Item 24	t	\N	default.png	f	3
26	Item 25	t	\N	default.png	f	3
27	Item 26	f	\N	default.png	f	3
28	Item 27	f	\N	default.png	f	3
29	Item 28	t	\N	default.png	f	3
30	Item 29	f	\N	default.png	f	3
31	Item 30	t	\N	default.png	f	4
32	Item 31	f	\N	default.png	f	4
33	Item 32	t	\N	default.png	f	4
34	Item 33	f	\N	default.png	f	4
35	Item 34	f	\N	default.png	f	4
36	Item 35	t	\N	default.png	f	4
37	Item 36	f	\N	default.png	f	4
38	Item 37	f	\N	default.png	f	4
39	Item 38	t	\N	default.png	f	4
40	Item 39	t	\N	default.png	f	4
41	Item 40	t	\N	default.png	f	5
42	Item 41	f	\N	default.png	f	5
43	Item 42	f	\N	default.png	f	5
44	Item 43	f	\N	default.png	f	5
45	Item 44	f	\N	default.png	f	5
46	Item 45	f	\N	default.png	f	5
47	Item 46	f	\N	default.png	f	5
48	Item 47	f	\N	default.png	f	5
49	Item 48	f	\N	default.png	f	5
50	Item 49	f	\N	default.png	f	5
51	Item 50	t	\N	default.png	f	6
52	Item 51	t	\N	default.png	f	6
53	Item 52	f	\N	default.png	f	6
54	Item 53	t	\N	default.png	f	6
55	Item 54	t	\N	default.png	f	6
56	Item 55	t	\N	default.png	f	6
57	Item 56	t	\N	default.png	f	6
58	Item 57	t	\N	default.png	f	6
59	Item 58	f	\N	default.png	f	6
60	Item 59	t	\N	default.png	f	6
61	Item 60	t	\N	default.png	f	7
62	Item 61	f	\N	default.png	f	7
63	Item 62	t	\N	default.png	f	7
64	Item 63	t	\N	default.png	f	7
65	Item 64	f	\N	default.png	f	7
66	Item 65	t	\N	default.png	f	7
67	Item 66	f	\N	default.png	f	7
68	Item 67	f	\N	default.png	f	7
69	Item 68	t	\N	default.png	f	7
70	Item 69	t	\N	default.png	f	7
71	Item 70	f	\N	default.png	f	8
72	Item 71	t	\N	default.png	f	8
73	Item 72	t	\N	default.png	f	8
74	Item 73	f	\N	default.png	f	8
75	Item 74	f	\N	default.png	f	8
76	Item 75	f	\N	default.png	f	8
77	Item 76	t	\N	default.png	f	8
78	Item 77	t	\N	default.png	f	8
79	Item 78	t	\N	default.png	f	8
80	Item 79	t	\N	default.png	f	8
81	Item 80	f	\N	default.png	f	9
82	Item 81	f	\N	default.png	f	9
83	Item 82	f	\N	default.png	f	9
84	Item 83	t	\N	default.png	f	9
85	Item 84	f	\N	default.png	f	9
86	Item 85	f	\N	default.png	f	9
87	Item 86	t	\N	default.png	f	9
88	Item 87	f	\N	default.png	f	9
89	Item 88	t	\N	default.png	f	9
90	Item 89	t	\N	default.png	f	9
91	Item 90	f	\N	default.png	f	10
92	Item 91	t	\N	default.png	f	10
93	Item 92	f	\N	default.png	f	10
94	Item 93	t	\N	default.png	f	10
95	Item 94	f	\N	default.png	f	10
96	Item 95	t	\N	default.png	f	10
97	Item 96	t	\N	default.png	f	10
98	Item 97	f	\N	default.png	f	10
99	Item 98	f	\N	default.png	f	10
100	Item 99	f	\N	default.png	f	10
\.


--
-- Data for Name: posts_post; Type: TABLE DATA; Schema: public; Owner: postgres
--

COPY public.posts_post (id, category, message, title, images, views, status, created_at, author_id) FROM stdin;
1	Regular	asdasdas	dad		0	Accepted	2024-04-04 00:17:00.246653+08	201
\.


--
-- Data for Name: transactions_inquiry; Type: TABLE DATA; Schema: public; Owner: postgres
--

COPY public.transactions_inquiry (id, message, inquiry_type, status, date_preferred, date_created, inquirer_id, post_id, status_updated_at) FROM stdin;
25	ASDADSADASS	Reservation	Cancelled	2024-04-20	2024-04-09 23:54:22.774493+08	201	\N	2024-04-10 00:18:58.45194+08
26	asdasdas	Reservation	Cancelled	2024-04-10	2024-04-09 23:55:49.624742+08	201	\N	2024-04-10 00:18:58.45194+08
27	asdadasd	Reservation	Cancelled	2024-04-18	2024-04-10 00:01:19.07476+08	201	\N	2024-04-10 00:18:58.45194+08
28	fgdfgdfgdgdfdgf	Donation	Pending	2024-04-12	2024-04-10 20:45:32.754471+08	201	1	2024-04-10 20:45:32.753474+08
29	sdadasda	Donation	Accepted	2024-04-11	2024-04-10 21:50:43.001113+08	201	1	2024-04-10 21:50:47.878468+08
2	dadadasd	Donation	Cancelled	2024-04-13	2024-04-03 22:41:33.862199+08	201	\N	2024-04-10 00:18:58.45194+08
1	dasd	Reservation	Cancelled	2024-03-10	2024-03-24 20:01:09.354529+08	201	\N	2024-04-10 00:18:58.45194+08
3	addadas	Donation	Cancelled	2024-04-12	2024-04-03 23:23:35.706112+08	201	\N	2024-04-10 00:18:58.45194+08
4	dasdasdasd	Donation	Cancelled	2024-04-13	2024-04-03 23:26:09.239235+08	201	\N	2024-04-10 00:18:58.45194+08
5	dadasd	Donation	Cancelled	2024-04-13	2024-04-03 23:26:44.249022+08	201	\N	2024-04-10 00:18:58.45194+08
6	adadadsadsas	Donation	Cancelled	2024-04-27	2024-04-03 23:27:16.123739+08	201	\N	2024-04-10 00:18:58.45194+08
8	asdadasds	Donation	Cancelled	2024-04-20	2024-04-03 23:28:17.661473+08	201	\N	2024-04-10 00:18:58.45194+08
7	daddas	Donation	Cancelled	2024-04-20	2024-04-03 23:27:45.142268+08	201	\N	2024-04-10 00:18:58.45194+08
9	dasdadas	Donation	Cancelled	2024-04-12	2024-04-03 23:30:38.89759+08	201	\N	2024-04-10 00:18:58.45194+08
11	dasdadassdadasd	Donation	Cancelled	2024-04-12	2024-04-03 23:31:15.798877+08	201	\N	2024-04-10 00:18:58.45194+08
10	dasdadas	Donation	Cancelled	2024-04-12	2024-04-03 23:31:14.804928+08	201	\N	2024-04-10 00:18:58.45194+08
12	dasdadassdadasd	Donation	Cancelled	2024-04-12	2024-04-03 23:31:16.536943+08	201	\N	2024-04-10 00:18:58.45194+08
13	dasdadassdadasdasdasd	Donation	Cancelled	2024-04-12	2024-04-03 23:31:17.241783+08	201	\N	2024-04-10 00:18:58.45194+08
16	dasdasdasdasd	Donation	Cancelled	2024-04-07	2024-04-03 23:32:50.047705+08	201	\N	2024-04-10 00:18:58.45194+08
14	dasdadassdadasdasdasdasdas	Donation	Cancelled	2024-04-12	2024-04-03 23:31:17.777723+08	201	\N	2024-04-10 00:18:58.45194+08
15	dasdas	Donation	Cancelled	2024-04-07	2024-04-03 23:32:46.448261+08	201	\N	2024-04-10 00:18:58.45194+08
17	asdadasdadasdasdasd	Donation	Cancelled	2024-04-12	2024-04-03 23:44:57.801804+08	201	\N	2024-04-10 00:18:58.45194+08
18	asdadasd	Donation	Cancelled	2024-04-19	2024-04-03 23:45:01.857126+08	201	\N	2024-04-10 00:18:58.45194+08
21	asdasd	Reservation	Processed	2024-04-20	2024-04-09 22:40:10.175983+08	201	\N	2024-04-10 00:18:58.45194+08
19	dasdasdasd	Donation	Rejected	2024-04-13	2024-04-03 23:45:05.480212+08	201	\N	2024-04-10 00:18:58.45194+08
22	asdas	Reservation	Processed	2024-04-28	2024-04-09 22:41:41.063577+08	201	\N	2024-04-10 00:18:58.45194+08
20	dadas	Reservation	Cancelled	2024-04-19	2024-04-09 22:08:58.416313+08	201	\N	2024-04-10 00:18:58.45194+08
23	dasdasdasd	Reservation	Cancelled	2024-04-25	2024-04-09 23:03:21.078618+08	201	\N	2024-04-10 00:18:58.45194+08
24	ASDASDASD	Reservation	Pending	2024-04-18	2024-04-09 23:53:58.128118+08	201	\N	2024-04-10 00:18:58.45194+08
\.


--
-- Data for Name: transactions_inquiryreply; Type: TABLE DATA; Schema: public; Owner: postgres
--

COPY public.transactions_inquiryreply (id, message) FROM stdin;
\.


--
-- Data for Name: transactions_reserveditem; Type: TABLE DATA; Schema: public; Owner: postgres
--

COPY public.transactions_reserveditem (id, quantity, inquiry_id, inventory_id, item_id) FROM stdin;
1	1	1	2	\N
2	1	1	\N	5
3	1	20	\N	7
4	1	20	\N	6
5	1	21	\N	5
6	1	21	\N	4
7	1	22	\N	10
8	1	22	\N	9
9	1	23	\N	13
10	1	23	\N	12
11	1	24	\N	2
12	1	24	\N	3
13	1	25	\N	13
14	1	25	\N	14
15	1	26	\N	2
16	1	26	\N	3
17	1	27	\N	2
18	1	27	\N	3
\.


--
-- Data for Name: transactions_transaction; Type: TABLE DATA; Schema: public; Owner: postgres
--

COPY public.transactions_transaction (id, date_created, transaction_type, remarks, is_active, inquiry_id, participant_id, return_date) FROM stdin;
1	2024-03-24 18:59:31.059966+08	Release		f	\N	1	\N
2	2024-03-24 19:00:47.984631+08	Release	a	t	\N	1	\N
3	2024-03-24 19:03:53.341212+08	Release		t	\N	1	\N
4	2024-03-24 20:42:14.300234+08	Donation	dasdasd	f	\N	1	\N
5	2024-03-24 22:31:23.508268+08	Release	adasd	t	\N	2	\N
6	2024-04-08 15:46:33.344734+08	Release	asdasd	t	\N	3	\N
7	2024-04-09 22:35:54.523812+08	Release	sdadasdas	t	20	201	\N
8	2024-04-09 22:40:34.919249+08	Release		t	21	201	\N
11	2024-04-09 22:42:43.248478+08	Release	asdasd	t	22	201	\N
12	2024-04-10 20:19:39.712485+08	Release	fsfsdfsdffsdsdfsdsdfsdffsdsdfsdfsfsdfsdfddasddas	t	\N	5	\N
13	2024-04-10 20:20:58.960095+08	Release	asdadas	t	\N	7	\N
15	2024-04-10 20:27:58.830836+08	Release	gdfgdfg	t	\N	4	\N
16	2024-04-10 20:30:45.2441+08	Release	sdadasd	t	\N	5	\N
17	2024-04-10 20:37:46.480351+08	Release	dfsds	t	\N	8	\N
18	2024-04-10 20:42:13.499739+08	Release	dasdasd	t	\N	4	2024-04-19
19	2024-04-10 21:22:20.707364+08	Release	dasdadassdasdadasdasdaadas	t	\N	1	2024-04-10
\.


--
-- Data for Name: transactions_transactionitem; Type: TABLE DATA; Schema: public; Owner: postgres
--

COPY public.transactions_transactionitem (id, quantity, return_date, status, condition, inventory_id, item_id, transaction_id) FROM stdin;
1	1	\N	Active	\N	\N	89	2
2	1	\N	Active	\N	\N	61	3
3	1	\N	Consumable	\N	2	\N	3
4	1	\N	\N	Good	\N	2001	4
5	1	\N	Active	\N	\N	2001	5
6	1	\N	Active	\N	\N	8	6
7	1	\N	Active	\N	\N	1	6
8	1	\N	Active	\N	\N	7	7
9	1	\N	Active	\N	\N	6	7
10	1	\N	Active	\N	\N	5	8
11	1	\N	Active	\N	\N	4	8
12	1	\N	Active	\N	\N	10	11
13	1	\N	Active	\N	\N	9	11
14	10	\N	Consumable	\N	8	\N	12
15	1	\N	Active	\N	\N	2	12
16	1	\N	Active	\N	\N	62	13
17	1	\N	Active	\N	\N	121	15
18	1	\N	Active	\N	\N	3	16
19	1	\N	Active	\N	\N	12	17
20	1	\N	Active	\N	\N	11	17
21	1	\N	Active	\N	\N	13	18
22	1	\N	Active	\N	\N	14	18
23	1	\N	Active	\N	\N	20	19
\.


--
-- Data for Name: users_staff; Type: TABLE DATA; Schema: public; Owner: postgres
--

COPY public.users_staff (user_id, "position", date_hired) FROM stdin;
201	Director	2024-02-02 00:00:00+08
\.


--
-- Data for Name: users_user; Type: TABLE DATA; Schema: public; Owner: postgres
--

COPY public.users_user (password, last_login, is_superuser, user_id, first_name, last_name, email, contact, department, bio, avatar, date_joined, is_staff, enable_notifications) FROM stdin;
	\N	f	1	Brandi	Hunt	user1@example.com	751.232.4852x7	theory	Public democratic interesting treatment notice. Lot foot night.	public/default.png	2023-12-21 02:43:46+08	f	t
	\N	f	2	Ronald	James	user2@example.com	649-665-4270x3	character	Again owner two sea again. Pay authority drug. Check despite member clear eat stay from.	public/default.png	2020-12-12 11:02:15+08	f	t
	\N	f	3	Brian	Neal	user3@example.com	909-488-3526	bit	Range series especially who add know. Drug film light. There both get physical.	public/default.png	2020-10-05 02:26:09+08	f	t
	\N	f	4	Randy	Quinn	user4@example.com	452.797.8900x1	design	Director husband instead debate. Bill offer purpose likely. Wear seven five choose.	public/default.png	2021-08-09 10:09:25+08	f	t
	\N	f	5	Miguel	Alexander	user5@example.com	+1-993-227-156	situation	None goal candidate.	public/default.png	2020-02-17 10:47:37+08	f	t
	\N	f	6	Amber	Wiley	user6@example.com	001-428-358-01	home	Law event party at show position me. Continue able laugh year mission.	public/default.png	2023-12-23 10:00:38+08	f	t
	\N	f	7	Kathy	Little	user7@example.com	798.522.2162	true	Only how discussion catch apply. Seven modern man agree power last. Though age next memory. Action clear analysis.	public/default.png	2023-04-30 06:02:38+08	f	t
	\N	f	8	Ashley	Reyes	user8@example.com	+1-400-612-534	forward	Price do expert others marriage can everybody. All pass own conference. If leg fly success dream environmental town.	public/default.png	2022-07-19 06:07:47+08	f	t
	\N	f	9	James	Mcguire	user9@example.com	2709774477	nation	Prove no imagine rich fact radio daughter. Environment response performance seat sit election. Goal such save himself.	public/default.png	2022-02-09 14:28:13+08	f	t
	\N	f	10	Derek	Stewart	user10@example.com	(460)594-4158x	culture	Any heavy dream pay subject. Any most deal technology around remember skill.	public/default.png	2023-11-19 08:04:02+08	f	t
	\N	f	11	Susan	Anderson	user11@example.com	(551)352-7213	happen	Shake thus hundred end. Foreign serious society. Think maybe address game democratic image office.	public/default.png	2021-06-23 23:41:32+08	f	t
	\N	f	12	Jennifer	Brown	user12@example.com	(473)591-8165	interest	Push budget party history leave. Happen population able type take watch boy. Imagine project pull central argue assume. History author early lot suggest show.	public/default.png	2023-03-28 21:55:51+08	f	t
	\N	f	13	Kayla	Turner	user13@example.com	001-292-454-31	clearly	Ball participant shoulder. Image test early a note. Administration piece bad stop be skill manager then.	public/default.png	2023-12-04 11:22:32+08	f	t
	\N	f	14	Stephen	Jones	user14@example.com	(762)931-0695	notice	Upon rich task late from parent. Pick change entire treatment.	public/default.png	2020-04-29 13:59:06+08	f	t
	\N	f	15	Sandra	Wilkinson	user15@example.com	(484)850-2947x	successful	However brother three mind hour.	public/default.png	2023-02-16 02:28:34+08	f	t
	\N	f	16	Samantha	Hughes	user16@example.com	001-764-515-22	challenge	However interesting experience walk. Family six green foreign rock yourself.	public/default.png	2020-10-09 13:24:50+08	f	t
	\N	f	17	Stacey	Durham	user17@example.com	448.573.5004x2	lay	Field reality little minute professor either feel. Along wind defense present then. Drive none head movement.	public/default.png	2022-04-02 18:58:30+08	f	t
	\N	f	18	Tiffany	Myers	user18@example.com	798-388-8731x1	factor	Television American serve boy. Alone central media need economy. Few service yard line already day.	public/default.png	2021-07-25 00:46:39+08	f	t
	\N	f	19	Michelle	Cooper	user19@example.com	(305)586-5309x	light	Far western I contain. Several what catch. The cultural class.	public/default.png	2021-07-05 08:19:59+08	f	t
	\N	f	20	Walter	Mcdowell	user20@example.com	569.212.7584	economy	Detail part rate various that at improve prevent. Food six onto skin those power.	public/default.png	2020-03-15 14:37:55+08	f	t
	\N	f	21	Mathew	Medina	user21@example.com	001-710-359-22	resource	Himself almost case generation generation follow. Another your send perform travel institution. Indicate matter assume way financial.	public/default.png	2023-03-05 13:10:12+08	f	t
	\N	f	22	Jeffrey	Davidson	user22@example.com	(318)396-0495x	could	Me agreement subject throughout prepare. Health against give kid there drop magazine.	public/default.png	2023-05-21 08:26:19+08	f	t
	\N	f	23	Juan	Knight	user23@example.com	(246)774-4030	true	National game down law public job. Hope recently rate tonight wait already. When medical fast television expert.	public/default.png	2023-11-11 06:45:06+08	f	t
	\N	f	24	Dana	White	user24@example.com	507.392.5828x4	four	Begin all guy boy base young. Bar fine play include. Style shake brother third also computer either.	public/default.png	2023-12-12 05:15:21+08	f	t
	\N	f	25	Debra	Watson	user25@example.com	001-507-478-95	happy	Subject range strong over cultural gun determine. Effect dark once since. Tell morning physical require mean choice what.	public/default.png	2024-03-03 04:28:13+08	f	t
	\N	f	26	Frank	Reid	user26@example.com	+1-626-912-523	research	Garden system star across itself century. Unit his according plant arrive.	public/default.png	2022-10-30 20:57:43+08	f	t
	\N	f	27	Steven	Rivers	user27@example.com	+1-418-967-013	social	Away part these no. Buy will think teacher organization sit hair.	public/default.png	2022-03-02 05:42:39+08	f	t
	\N	f	28	Julia	Hernandez	user28@example.com	001-278-645-96	you	Talk bank enter fire enter during stuff. Be single year.	public/default.png	2022-03-30 13:50:52+08	f	t
	\N	f	29	Timothy	Douglas	user29@example.com	2398539040	something	He deal blue ahead. Owner and year. Professional goal experience picture truth material wonder.	public/default.png	2024-01-28 21:39:27+08	f	t
	\N	f	30	Stacey	Brown	user30@example.com	(957)684-0223x	for	Scientist operation artist describe against. Effort nice thing really my.	public/default.png	2024-02-20 04:04:15+08	f	t
	\N	f	31	Carolyn	Arias	user31@example.com	518-714-9075	see	Off then write action offer can state. Glass test lay prevent town four. Already task rule nice career.	public/default.png	2022-07-23 18:32:43+08	f	t
	\N	f	32	Carla	Harrison	user32@example.com	(846)387-0929x	party	Country hair animal able trade. Put population matter series. Only very form style back.	public/default.png	2021-11-05 09:03:46+08	f	t
	\N	f	33	Diane	Robbins	user33@example.com	299.742.1434x4	forward	Technology visit community whom build option experience. When common just. Force film degree man where.	public/default.png	2023-11-19 08:45:36+08	f	t
	\N	f	34	Bryce	Wheeler	user34@example.com	573-573-7051x4	expert	Friend ten sometimes onto early save. Health garden back organization she recognize. This must born they fill smile.	public/default.png	2023-12-06 00:11:24+08	f	t
	\N	f	35	Pamela	Green	user35@example.com	001-980-716-10	traditional	Guess meeting despite range. Measure seat election need man pattern member.	public/default.png	2022-11-03 19:53:42+08	f	t
	\N	f	36	Ellen	Hess	user36@example.com	(822)666-3114x	identify	Still professor politics every affect cultural. Dark fast language wide. Speech eat painting but.	public/default.png	2021-09-12 03:42:29+08	f	t
	\N	f	37	Wendy	Smith	user37@example.com	(877)421-0110	design	Name size once pass window quality admit. Consider view against detail. Conference someone stuff.	public/default.png	2021-06-04 17:40:22+08	f	t
	\N	f	38	Gregory	Haney	user38@example.com	+1-718-691-750	figure	Just partner authority group answer character source. Now manager old address. Idea determine authority least.	public/default.png	2022-04-29 03:54:15+08	f	t
	\N	f	39	Joshua	Diaz	user39@example.com	(575)536-2873	offer	Pull decision green wear hand reflect wall through. Short thing fall rock. Development site author star on whole.	public/default.png	2023-03-05 17:35:32+08	f	t
	\N	f	40	Jennifer	Escobar	user40@example.com	+1-579-649-086	school	Main future have person red now.	public/default.png	2022-07-02 14:07:37+08	f	t
	\N	f	41	Scott	Ellis	user41@example.com	001-201-203-75	behavior	Democrat us new factor four career husband remember. Rest type today man. Area attack become crime.	public/default.png	2020-12-18 12:18:17+08	f	t
	\N	f	42	Gregory	Hart	user42@example.com	277-203-3282	cultural	Indicate support more purpose raise where. Economy since produce author main let share.	public/default.png	2020-05-14 19:27:04+08	f	t
	\N	f	43	Jonathon	Allen	user43@example.com	872-274-0660x8	foreign	Myself family behind hear official. Reduce decide rule new reduce. Without agency development great.	public/default.png	2021-04-26 12:16:04+08	f	t
	\N	f	44	Linda	Wang	user44@example.com	957-855-4887	news	Impact my top partner.	public/default.png	2023-08-02 20:47:14+08	f	t
	\N	f	45	Shane	Webb	user45@example.com	(635)269-5796	impact	Expect say hour care marriage want manager. Personal challenge five she. North water quality account size message.	public/default.png	2022-08-08 20:26:56+08	f	t
	\N	f	46	Nicholas	Joyce	user46@example.com	799.676.0444x6	stay	Claim operation concern baby. Successful recognize man.	public/default.png	2021-03-16 15:58:54+08	f	t
	\N	f	47	Brianna	Salinas	user47@example.com	+1-522-840-242	brother	Research final blue. Own size day easy movement agree industry.	public/default.png	2024-01-02 15:46:07+08	f	t
	\N	f	48	William	Clark	user48@example.com	4753561779	forward	Reduce man sing quality daughter. Loss sense simple central entire.	public/default.png	2021-01-31 02:48:43+08	f	t
	\N	f	49	James	Taylor	user49@example.com	(699)913-7349	machine	Trouble nature tell create avoid. Middle effort water issue. Use poor cell event.	public/default.png	2021-11-24 12:00:59+08	f	t
	\N	f	50	Isaac	Lewis	user50@example.com	(504)251-3578x	surface	Specific bar next major mention wear.	public/default.png	2020-03-13 22:32:16+08	f	t
	\N	f	51	Alexis	Clayton	user51@example.com	811.919.0302x1	center	Then allow agent see. Seem move treatment security.	public/default.png	2020-07-19 03:30:02+08	f	t
	\N	f	52	Jeffrey	Mueller	user52@example.com	001-229-903-33	sister	Six still finally him. Experience policy up technology rise avoid put.	public/default.png	2022-07-26 07:49:00+08	f	t
	\N	f	53	Andrew	Schmidt	user53@example.com	829-347-9895x4	simply	Provide term security door line event stuff. Create six research office. Ok free walk really.	public/default.png	2023-03-23 08:10:36+08	f	t
	\N	f	54	Ashley	Johnson	user54@example.com	892.623.9414	grow	Manage good wall environment opportunity space. Loss low sell reason end western wife.	public/default.png	2020-12-23 22:01:27+08	f	t
	\N	f	55	Tiffany	Wilson	user55@example.com	001-766-751-39	turn	Current try couple candidate nearly share. Most language against paper this prepare history.	public/default.png	2020-10-24 10:04:56+08	f	t
	\N	f	56	Samuel	Mason	user56@example.com	+1-905-241-112	scene	Pull fear beyond. Be meeting girl less. Together worry range war building season.	public/default.png	2023-09-01 01:36:11+08	f	t
	\N	f	57	Alexis	Zhang	user57@example.com	874-446-1034	note	Town people book approach reason vote development.	public/default.png	2022-11-21 02:05:58+08	f	t
	\N	f	58	Christina	Mitchell	user58@example.com	5424040912	he	On continue fill history hard. Church hotel by we explain similar interesting.	public/default.png	2021-11-20 06:27:13+08	f	t
	\N	f	59	Betty	Lucas	user59@example.com	457.492.2681x6	scientist	Yard scene television sure fear. Not happen few every process value.	public/default.png	2022-12-09 19:00:56+08	f	t
	\N	f	60	Stephanie	Moore	user60@example.com	638-784-3120	time	Debate because skin while believe animal. Account east wear. Unit treatment enjoy house line wind. Figure particular feeling from return child.	public/default.png	2023-04-28 13:24:26+08	f	t
	\N	f	61	Mark	Kelly	user61@example.com	520.855.1721	collection	Father blood behind financial campaign. Pattern present big cover few throughout. Certain lose inside power responsibility.	public/default.png	2023-03-21 18:57:15+08	f	t
	\N	f	62	Ashley	Gonzalez	user62@example.com	974.801.3242x5	meet	Send throughout dog create bit allow. Base space explain mention. Nice how good write.	public/default.png	2023-01-23 23:38:12+08	f	t
	\N	f	63	Debbie	Dorsey	user63@example.com	374.507.5746x9	bring	Rise yeah medical card item. Environment build space information pressure lose son whatever.	public/default.png	2022-03-18 16:40:31+08	f	t
	\N	f	64	Joseph	Smith	user64@example.com	3505080594	action	Fact leave member full high only big. Environment share past story again.	public/default.png	2022-11-17 06:46:18+08	f	t
	\N	f	65	Erin	Walker	user65@example.com	5239711524	before	Leave such offer how bring recognize help. Seek past black local black five. Economy will for operation popular. Describe way really experience friend doctor.	public/default.png	2022-07-02 16:51:55+08	f	t
	\N	f	66	Kevin	Johnson	user66@example.com	385-703-2601	happy	Author laugh situation majority focus almost individual rate. Quickly with answer generation half.	public/default.png	2020-12-28 08:33:13+08	f	t
	\N	f	67	Jessica	Perez	user67@example.com	+1-476-530-087	move	Traditional miss here space manage big.	public/default.png	2022-10-13 17:31:01+08	f	t
	\N	f	68	Lindsey	Mendoza	user68@example.com	+1-997-619-912	local	Happen the price benefit product baby certainly. Beautiful indicate international team pull.	public/default.png	2023-06-05 10:33:45+08	f	t
	\N	f	69	Scott	Miller	user69@example.com	981-417-0832x4	stuff	Throw car around since visit rate spend. Minute brother other politics fund.	public/default.png	2022-08-10 21:36:53+08	f	t
	\N	f	70	Jason	Hunter	user70@example.com	254.572.0574x1	civil	Fight few question truth card. National station yes child. Close laugh near however.	public/default.png	2020-08-15 10:40:46+08	f	t
	\N	f	71	Jessica	Mercado	user71@example.com	(860)421-1054x	drop	Paper population group figure. Number really artist chance ready. Industry age first almost high. Go newspaper she everyone.	public/default.png	2021-06-10 06:45:44+08	f	t
	\N	f	72	Joseph	White	user72@example.com	+1-499-585-727	first	Good next process there your true evidence. Part family station cover forward.	public/default.png	2020-09-07 03:55:30+08	f	t
	\N	f	73	Darlene	Mckee	user73@example.com	841-848-8508	Republican	Those course million operation.	public/default.png	2021-01-08 01:59:22+08	f	t
	\N	f	74	Stephen	Patterson	user74@example.com	001-765-641-45	form	Live especially cup seek. Recent program president clear find others history. Under hot enough growth arm agent.	public/default.png	2020-03-21 22:40:55+08	f	t
	\N	f	75	Haley	Turner	user75@example.com	459.617.1678x5	plan	Significant exist style cup. Question job sign above money store. Mouth scientist company security this nice.	public/default.png	2022-09-21 21:16:52+08	f	t
	\N	f	76	Richard	Ferguson	user76@example.com	001-251-365-55	culture	Decade history through performance feel. Style heavy threat fast medical cultural. Quality rise forward hit eight exactly learn show. Pattern year after have.	public/default.png	2023-08-22 18:15:04+08	f	t
	\N	f	77	Carly	Williams	user77@example.com	(411)791-4853x	democratic	Site study court together. White like read election onto. Field individual however report.	public/default.png	2020-11-13 00:52:25+08	f	t
	\N	f	78	Autumn	Miller	user78@example.com	8984831268	often	Writer weight professional network up couple. Increase nation authority understand.	public/default.png	2023-11-27 01:58:06+08	f	t
	\N	f	79	Allison	Lee	user79@example.com	001-383-300-86	police	Possible military night cultural operation. Century method east edge store.	public/default.png	2020-03-28 08:19:33+08	f	t
	\N	f	80	Daniel	Tate	user80@example.com	001-274-600-07	bit	Seven security small face. Discuss see industry learn.	public/default.png	2024-01-07 00:19:30+08	f	t
	\N	f	81	Michael	Gray	user81@example.com	+1-599-545-2888	course	Prove raise trip through discussion development. Need finally fund early as research lead. Goal least human generation.	public/default.png	2022-05-04 08:07:18+08	f	t
	\N	f	82	Joel	Merritt	user82@example.com	(630)497-2049x	business	Oil cost affect lead. Great poor benefit suggest.	public/default.png	2020-10-01 01:08:03+08	f	t
	\N	f	83	Laura	Wilkerson	user83@example.com	276-914-3893x9	respond	Single chair measure financial. Magazine matter TV both view.	public/default.png	2023-04-01 15:57:16+08	f	t
	\N	f	84	Justin	Baker	user84@example.com	(630)427-4871x	media	Common old involve page imagine environment view by. Right various great doctor.	public/default.png	2022-01-29 21:46:34+08	f	t
	\N	f	85	David	Hicks	user85@example.com	001-707-833-81	pick	Message statement of front since. Design score beyond.	public/default.png	2021-05-18 22:07:14+08	f	t
	\N	f	86	Samantha	Henry	user86@example.com	2458106754	service	Those experience west think character station for begin. Forward reflect relate some grow.	public/default.png	2022-10-09 11:17:07+08	f	t
	\N	f	87	Eric	Brennan	user87@example.com	841-255-2385x6	woman	Pressure natural name cold already mother art. Down training rate work medical admit. Wonder number make year anything threat. Spend pattern explain cost when.	public/default.png	2020-09-10 10:46:57+08	f	t
	\N	f	88	Andrew	Barker	user88@example.com	001-538-413-39	walk	Under he easy war. That table shake remember certainly product moment.	public/default.png	2020-05-11 21:03:47+08	f	t
	\N	f	89	Kristen	Stewart	user89@example.com	+1-601-358-0466	think	Whole mention toward suggest.	public/default.png	2021-10-10 10:19:56+08	f	t
	\N	f	90	Christopher	Castro	user90@example.com	001-332-978-22	instead	Staff anything also energy look consumer however. Inside woman where believe girl lead national people.	public/default.png	2021-11-28 15:30:32+08	f	t
	\N	f	91	Dorothy	Miller	user91@example.com	+1-786-823-066	fear	Rock lawyer health of kitchen computer audience. Drive challenge choose night shake relate.	public/default.png	2024-01-05 18:03:41+08	f	t
	\N	f	92	Gregory	Ward	user92@example.com	674.933.0558x6	impact	Although big hand too movie and. Force news loss else seven nor. Network always cell see whose along could.	public/default.png	2022-05-25 19:28:35+08	f	t
	\N	f	93	James	Williams	user93@example.com	492.774.6251	practice	Should interview management able leg former free base. Partner between carry bit.	public/default.png	2021-04-08 21:28:21+08	f	t
	\N	f	94	Darrell	Lee	user94@example.com	249-612-3930	thousand	Effort car citizen short. War position now see happy case modern. Physical court red seat medical start character. Commercial sister receive turn.	public/default.png	2021-06-30 20:10:32+08	f	t
	\N	f	95	Terrence	Moore	user95@example.com	+1-353-822-6802	boy	Real another tend media agency. Event material including size material.	public/default.png	2020-08-16 07:44:02+08	f	t
	\N	f	96	Adam	Zuniga	user96@example.com	561.759.2300	surface	Write memory trade at lawyer follow bring. Wrong teacher answer very.	public/default.png	2021-11-09 13:51:42+08	f	t
	\N	f	97	Kathryn	Steele	user97@example.com	+1-323-726-139	apply	Western project letter really thus guy. Interesting quickly turn weight near onto. Foreign follow bank born word reason help.	public/default.png	2024-02-13 22:05:01+08	f	t
	\N	f	98	Alisha	Lang	user98@example.com	(885)286-7266x	area	Really series account water about father news. Perform fear employee girl.	public/default.png	2022-03-02 19:07:16+08	f	t
	\N	f	99	Krista	Bell	user99@example.com	+1-638-888-907	school	Ready memory fund market. Loss plant build partner face.	public/default.png	2023-12-16 01:28:58+08	f	t
	\N	f	100	Latoya	Lee	user100@example.com	(774)256-8266x	cut	Hot certainly as behind. Book others town exactly seem. American film list.	public/default.png	2022-06-21 06:43:11+08	f	t
	\N	f	101	Gary	Davis	user101@example.com	+1-544-639-5026	far	Evening yes decade maybe serious office. Tax center agent prevent. Also material west prepare dream. Hard before by staff wall turn.	public/default.png	2023-03-25 05:52:32+08	f	t
	\N	f	102	Brenda	Pacheco	user102@example.com	001-314-448-28	forget	Hotel military much hair indeed. Report certainly possible inside save. Set tend then way represent light cup environment.	public/default.png	2023-08-28 05:30:25+08	f	t
	\N	f	103	Meghan	Romero	user103@example.com	604-212-1477	city	Compare tough already seem identify agreement. Huge charge popular six protect let level financial. Soldier performance recently natural add gas.	public/default.png	2022-08-27 14:12:41+08	f	t
	\N	f	104	April	Ray	user104@example.com	(292)594-7709	low	Short notice music behavior possible agency stock. Perform next along than woman up.	public/default.png	2021-03-03 00:18:51+08	f	t
	\N	f	105	Rachel	Waller	user105@example.com	+1-644-776-788	indeed	Break national decade year research share. Like player city that image true success decision. Write surface remain.	public/default.png	2020-01-08 01:42:25+08	f	t
	\N	f	106	Rachel	Diaz	user106@example.com	001-262-584-92	think	At line step forward six range. Family seek school care feeling. Office fact whether give age moment.	public/default.png	2024-03-13 20:53:14+08	f	t
	\N	f	107	Krystal	Barnes	user107@example.com	+1-642-898-311	buy	They animal bring seat during around relate difficult. Little myself house view author.	public/default.png	2021-02-15 00:50:54+08	f	t
	\N	f	108	Ralph	Barker	user108@example.com	(407)580-6961x	personal	Government admit employee pressure but. May me phone win main. North beat until appear suggest.	public/default.png	2021-04-20 20:19:55+08	f	t
	\N	f	109	Daniel	Trujillo	user109@example.com	(462)211-1405	local	Inside partner night property stage. Him above thought less.	public/default.png	2020-11-28 21:02:23+08	f	t
	\N	f	110	James	Martinez	user110@example.com	001-739-407-74	force	Speech his discuss wife discuss. Along view building.	public/default.png	2022-12-06 04:31:37+08	f	t
	\N	f	111	Mark	Kim	user111@example.com	4724975165	find	Character risk son cell quite. Rich majority life cold loss.	public/default.png	2022-05-24 18:24:02+08	f	t
	\N	f	112	Angela	Hall	user112@example.com	(305)931-2078	leg	Current provide through experience your. Consider participant staff if choice occur character. Natural crime prove apply down drive.	public/default.png	2020-10-07 07:24:22+08	f	t
	\N	f	113	Sheila	Thornton	user113@example.com	2096893198	maybe	Wife PM own sort couple environment environment. Attorney clear the purpose summer event.	public/default.png	2024-03-18 01:48:39+08	f	t
	\N	f	114	Kathleen	Morales	user114@example.com	685.236.5980	example	Mrs matter wait produce.	public/default.png	2023-05-08 08:24:38+08	f	t
	\N	f	115	Fernando	Jordan	user115@example.com	(408)695-6342x	long	Music economic especially. Leave work necessary will arm special modern civil. Month amount behavior together.	public/default.png	2020-09-16 00:53:52+08	f	t
	\N	f	116	Keith	Martinez	user116@example.com	+1-818-920-244	all	Nor relationship try black husband nearly. Three population much official serious case.	public/default.png	2022-06-14 22:36:22+08	f	t
	\N	f	117	Amanda	Charles	user117@example.com	(558)980-8910x	health	Finish it others health end their. Require save manage father half media.	public/default.png	2022-05-06 06:06:15+08	f	t
	\N	f	118	Brandon	Porter	user118@example.com	(233)904-8858x	shoulder	North base management never research feel sign. Modern price those bank action. Final police loss dream third.	public/default.png	2021-10-02 23:21:44+08	f	t
	\N	f	119	Susan	Jones	user119@example.com	+1-608-580-474	out	Dark price who mind Democrat nearly hospital expert. Represent management serious floor peace finish already high. Major expert they growth much.	public/default.png	2023-03-24 20:38:04+08	f	t
	\N	f	120	Derrick	Harris	user120@example.com	673.641.3400	field	Either forget story role question against thousand of.	public/default.png	2023-02-05 03:16:38+08	f	t
	\N	f	121	Stuart	Jefferson	user121@example.com	430.230.2667x0	event	Space what poor. Like minute important keep control everybody.	public/default.png	2021-02-23 07:45:54+08	f	t
	\N	f	122	Javier	Harrington	user122@example.com	872.584.4318x7	dinner	Deep performance maintain role four oil. Data make candidate sort. Machine theory name ground six ground sort. Environment court cold activity million realize.	public/default.png	2021-07-30 17:20:32+08	f	t
	\N	f	123	Lori	Powell	user123@example.com	(563)693-7214x	range	For movement relationship keep star before hundred. Understand ability full blue.	public/default.png	2023-09-07 20:00:59+08	f	t
	\N	f	124	Nicole	Brooks	user124@example.com	700.323.2933	alone	Party year specific anything. Program week quality local accept today part happy. Everybody everything party focus suggest.	public/default.png	2021-01-06 13:32:18+08	f	t
	\N	f	125	Sheila	Blair	user125@example.com	583-256-5750x8	draw	Everything teacher rock family your nor. Brother treat daughter but ten sense prepare.	public/default.png	2022-04-17 22:09:50+08	f	t
	\N	f	126	Devin	Phillips	user126@example.com	494.373.0936x4	education	Risk enough apply save drop why show medical. Fear full each end and.	public/default.png	2023-03-15 07:48:40+08	f	t
	\N	f	127	Alison	Rosales	user127@example.com	+1-541-369-435	public	Own meet material money book positive. Able newspaper set north say sometimes. Range inside standard them.	public/default.png	2021-04-21 00:15:10+08	f	t
	\N	f	128	Gerald	Freeman	user128@example.com	(475)269-9992	sport	Bit country indeed budget during. Environment above buy. Test budget friend board real support contain.	public/default.png	2022-09-30 16:12:48+08	f	t
	\N	f	129	Megan	West	user129@example.com	+1-720-341-2889	two	Or imagine west live. Enjoy leg scientist sea cost television. East civil relate among professional beyond.	public/default.png	2022-10-06 12:29:39+08	f	t
	\N	f	130	Elizabeth	Reeves	user130@example.com	222.279.4358x8	house	Minute need economy seek most type. Realize economic agency fish rock area red. Over clear where about this.	public/default.png	2023-11-13 23:58:31+08	f	t
	\N	f	131	Marcus	Hill	user131@example.com	911-735-4893x1	kid	Purpose close student simple situation.	public/default.png	2021-03-30 18:48:10+08	f	t
	\N	f	132	Natalie	Monroe	user132@example.com	001-790-479-63	amount	Must really reflect most organization leave study. Social defense charge even message down. Whether around environmental physical.	public/default.png	2022-01-20 13:19:32+08	f	t
	\N	f	133	Gabrielle	Roberts	user133@example.com	507.293.5194	today	Southern occur have sure.	public/default.png	2020-07-12 01:41:54+08	f	t
	\N	f	134	Stephanie	Rosales	user134@example.com	209-275-6428x3	market	Lay vote sense full police. Agent process onto feeling.	public/default.png	2020-03-26 02:31:51+08	f	t
	\N	f	135	Carl	Jones	user135@example.com	429.507.2636	whatever	Contain explain worker same contain personal sometimes. Truth shoulder account administration.	public/default.png	2023-11-02 21:23:27+08	f	t
	\N	f	136	Brett	Diaz	user136@example.com	825-650-3040x4	head	Customer home themselves hand suggest. Spring space several field order.	public/default.png	2024-03-10 00:07:30+08	f	t
	\N	f	137	Jason	Gonzalez	user137@example.com	(820)988-6440x	cause	Arrive close rate wind. Form word contain season beautiful agent. Business politics room.	public/default.png	2022-11-07 20:44:29+08	f	t
	\N	f	138	Joshua	Shields	user138@example.com	(550)857-2205	economic	Six mouth wide.	public/default.png	2020-02-10 22:41:01+08	f	t
	\N	f	139	Andrew	Allen	user139@example.com	3746249819	a	Home day process drop floor forward increase. Happy structure fear almost fine. Win official new defense political color.	public/default.png	2023-06-03 13:26:24+08	f	t
	\N	f	140	Brandon	Crosby	user140@example.com	402.970.0196x5	white	Former hear cup arm explain everyone charge above. Support person all blood memory.	public/default.png	2021-11-23 23:47:01+08	f	t
	\N	f	141	Kathleen	Collins	user141@example.com	606.873.5087x5	evening	Box activity make beat machine. Him you ok. Family drug focus. Many later buy second.	public/default.png	2021-12-14 13:01:11+08	f	t
	\N	f	142	Jeffrey	Meyer	user142@example.com	(707)629-9578x	hour	Southern answer myself sing green. Boy cost write outside decision still.	public/default.png	2022-05-15 04:25:03+08	f	t
	\N	f	143	Mark	White	user143@example.com	734-773-2839x6	none	Hour position trip building partner defense discover several. Run police we poor.	public/default.png	2021-06-16 09:54:56+08	f	t
	\N	f	144	Brandi	Reynolds	user144@example.com	(255)429-7348	item	Dog foreign spend at newspaper understand production. Bar sit anyone store almost. My treat agree down whole economic lot major.	public/default.png	2020-02-23 11:19:44+08	f	t
	\N	f	145	Michael	Bishop	user145@example.com	+1-998-750-8538	a	Across star ten blue. Put executive artist little draw start actually develop.	public/default.png	2023-04-20 04:46:03+08	f	t
	\N	f	146	Nicole	Hoffman	user146@example.com	001-677-910-76	benefit	Whole these talk provide maintain civil. Here discussion explain week camera should past tough. Ask around six quality single religious sound.	public/default.png	2023-05-26 07:55:55+08	f	t
	\N	f	147	William	Jordan	user147@example.com	+1-622-857-742	around	Manager big nature simply pressure medical standard. North grow finish break ago. Program black number. Hundred possible tell close unit already.	public/default.png	2022-03-26 06:40:48+08	f	t
	\N	f	148	Julie	Trujillo	user148@example.com	001-215-647-35	administration	Evidence everything art work eye writer. Blood Congress modern. Almost just shake unit.	public/default.png	2022-08-19 05:08:05+08	f	t
	\N	f	149	Amy	Wilkinson	user149@example.com	487.923.8734x4	decade	Other including represent not western. Fish evening them. Despite community fight apply born low process ok. Learn if fund trouble.	public/default.png	2023-04-23 05:18:53+08	f	t
	\N	f	150	Justin	Johnson	user150@example.com	(480)929-1281x	until	Reveal woman news lead history. Rock bar ago a property. Bit too or left enough take.	public/default.png	2020-01-13 04:21:38+08	f	t
	\N	f	151	Larry	Sosa	user151@example.com	(315)534-7271	glass	Treat pattern about way pick wide artist. Value federal front weight establish system. Finish research sound herself begin leader pay place.	public/default.png	2021-11-18 07:44:45+08	f	t
	\N	f	152	Jacob	Castillo	user152@example.com	542-322-7958	morning	Much report end door movement into. Only agency same toward. Republican job opportunity go. Reduce wide help sport place lay space.	public/default.png	2022-09-25 05:24:39+08	f	t
	\N	f	153	Zachary	Moyer	user153@example.com	(699)208-0190x	hot	Fact picture general. Drug likely economic audience media three.	public/default.png	2020-07-13 16:48:41+08	f	t
	\N	f	154	Lindsey	Brown	user154@example.com	720-276-7268x2	reason	Here read simple step paper song. Court though why difference fall.	public/default.png	2023-10-26 10:07:58+08	f	t
	\N	f	155	Sandra	Diaz	user155@example.com	562.871.5525x4	camera	Sense sell have. Concern economy order the.	public/default.png	2023-08-04 09:22:37+08	f	t
	\N	f	156	Joseph	Floyd	user156@example.com	+1-795-310-876	common	Voice sometimes business. Purpose memory six consumer car whole class.	public/default.png	2021-08-02 04:38:48+08	f	t
	\N	f	157	Russell	Hicks	user157@example.com	(557)475-7109x	tonight	Defense when stock. Case soldier indicate when letter figure.	public/default.png	2020-07-19 22:51:18+08	f	t
	\N	f	158	Heather	Johnson	user158@example.com	3048621239	what	It treatment around information reason work. Alone huge most media be science walk traditional.	public/default.png	2020-09-17 17:36:37+08	f	t
	\N	f	159	Anna	Davis	user159@example.com	223.595.3720x4	their	Though education option stay organization range sense. Always end very floor.	public/default.png	2021-09-10 18:45:58+08	f	t
	\N	f	160	Melanie	Ford	user160@example.com	485.855.2893	explain	Him public heart treat. Career TV player.	public/default.png	2020-07-31 12:56:34+08	f	t
	\N	f	161	David	Norman	user161@example.com	(766)909-1912x	campaign	Clear throughout front any. Truth piece TV option rather reveal trip. Stand knowledge without professor remember consumer among. Rest green reduce pass game.	public/default.png	2020-09-13 16:08:18+08	f	t
	\N	f	162	Shelby	Everett	user162@example.com	811.933.3155x4	blue	Yourself mouth bank end only possible may. Low make reflect city.	public/default.png	2023-04-09 01:14:24+08	f	t
	\N	f	163	James	Franklin	user163@example.com	+1-829-376-417	two	Again analysis any sometimes try service month spring. Store group by whether myself yourself star size.	public/default.png	2023-06-02 17:43:29+08	f	t
	\N	f	164	Jennifer	Nicholson	user164@example.com	7957194635	short	Eye prove degree. Image bar recent follow. Similar our institution sister.	public/default.png	2022-10-21 23:32:58+08	f	t
	\N	f	165	Pamela	Hays	user165@example.com	+1-654-900-500	college	Loss act upon save material. Watch far car experience pattern.	public/default.png	2021-06-05 20:20:44+08	f	t
	\N	f	166	Alexandra	Russell	user166@example.com	454.875.6564	administration	Individual sometimes trip hit. Republican establish hold message.	public/default.png	2021-08-22 06:37:50+08	f	t
	\N	f	167	Monica	Espinoza	user167@example.com	+1-958-899-021	ten	Although best television business.	public/default.png	2023-05-08 12:44:37+08	f	t
	\N	f	168	Tracy	Robinson	user168@example.com	765.576.7770	quickly	Different eight wait value prove make fast position. Spend meeting miss hospital. Question special own many.	public/default.png	2022-05-22 18:15:15+08	f	t
	\N	f	169	Nicholas	Bennett	user169@example.com	(882)982-3076x	however	After discuss truth lawyer fly. Analysis make movement region remember peace.	public/default.png	2023-06-22 16:16:24+08	f	t
	\N	f	170	Jeffrey	Howell	user170@example.com	+1-974-540-065	see	Environment several language know. Simply story candidate once despite matter. Car easy only station.	public/default.png	2023-05-16 06:01:56+08	f	t
	\N	f	171	David	Banks	user171@example.com	+1-923-722-434	relate	Explain themselves policy big.	public/default.png	2020-08-02 05:07:02+08	f	t
	\N	f	172	Kiara	Keith	user172@example.com	964.660.3827x5	head	Need old do deep Mr low purpose himself. New play begin carry expect say.	public/default.png	2022-05-05 20:37:18+08	f	t
	\N	f	173	Noah	Ayala	user173@example.com	555-494-4049	first	Seat discover majority yourself medical event. Black begin civil dark man improve thought know. Mouth back approach teach whether artist drive. Someone natural in its just life.	public/default.png	2021-12-26 05:23:29+08	f	t
	\N	f	174	Virginia	Powell	user174@example.com	(222)262-0039x	force	Tell program like hand public perhaps. Admit training reality bill safe you.	public/default.png	2023-02-21 17:20:55+08	f	t
	\N	f	175	Carrie	Moore	user175@example.com	359-627-4063	around	Available rest positive impact clearly here. Not between blue kitchen kind development.	public/default.png	2020-01-15 02:56:48+08	f	t
	\N	f	176	Janet	Henson	user176@example.com	576-226-2317x8	all	Risk hot less right.	public/default.png	2022-08-13 19:12:23+08	f	t
	\N	f	177	John	Meyer	user177@example.com	001-635-226-72	key	Class health employee system continue same modern hold. Market health get middle whom. Act part agency friend.	public/default.png	2022-02-14 01:57:30+08	f	t
	\N	f	178	Tammy	Knight	user178@example.com	731.511.1553x4	small	Quality coach stop. Concern garden indicate success save trip.	public/default.png	2022-10-04 06:38:19+08	f	t
	\N	f	179	Debra	Robinson	user179@example.com	001-867-883-29	social	Long at hospital body practice class employee.	public/default.png	2023-01-14 08:39:59+08	f	t
	\N	f	180	Shane	Adams	user180@example.com	+1-878-366-7727	better	Media hotel wonder decision life continue.	public/default.png	2022-05-10 02:03:39+08	f	t
	\N	f	181	Daniel	Patel	user181@example.com	(382)334-6915x	method	Sister big must care institution. Those maybe art picture. Near yet ten.	public/default.png	2022-09-09 03:22:30+08	f	t
	\N	f	182	Kathy	English	user182@example.com	(317)471-1287x	analysis	Church mean heavy miss born. Adult manager unit hot improve today first.	public/default.png	2023-12-29 00:03:57+08	f	t
	\N	f	183	Jason	Johnson	user183@example.com	(838)287-7712	spring	Technology radio deep include hope why.	public/default.png	2022-01-08 02:49:17+08	f	t
	\N	f	184	Jennifer	Mccarthy	user184@example.com	001-939-200-33	read	Case believe million father. Improve radio several nor six economy.	public/default.png	2023-03-04 15:40:28+08	f	t
	\N	f	185	Jasmin	Forbes	user185@example.com	505-326-1236	group	Degree long environment because strong service itself glass. Only chair budget various his sort. Lot agreement assume stage administration watch.	public/default.png	2023-01-28 22:46:17+08	f	t
	\N	f	186	Samantha	Barnett	user186@example.com	(406)374-1339x	responsibility	That adult number sometimes defense ahead deal. Game pressure discuss event act. Similar bill their.	public/default.png	2022-04-22 06:21:51+08	f	t
	\N	f	187	Candice	Wright	user187@example.com	7977225956	know	Really lay specific network community. Thousand experience beyond fast general leg price decision. Stand answer instead animal example million. Medical stuff after population them crime dark black.	public/default.png	2022-08-11 18:21:40+08	f	t
	\N	f	188	Charles	Moore	user188@example.com	759-867-1733x5	on	Similar feeling today other. Yeah poor who enjoy. Eight require activity crime down involve.	public/default.png	2022-06-24 16:28:09+08	f	t
	\N	f	189	Michael	Stone	user189@example.com	+1-286-203-906	risk	Money senior save dark. You change him issue rich everyone. Picture game study change lawyer must whether.	public/default.png	2023-02-17 06:59:13+08	f	t
	\N	f	190	Jenna	Ruiz	user190@example.com	001-421-349-53	expert	Head doctor my while then herself challenge. Save raise company suggest leader make. Myself consumer she.	public/default.png	2020-03-26 11:37:53+08	f	t
	\N	f	191	Lisa	Warner	user191@example.com	461.696.0794	amount	Ago small trip which operation. Strategy improve laugh system consumer guy might.	public/default.png	2022-04-14 21:20:18+08	f	t
	\N	f	192	Stephen	Baldwin	user192@example.com	3963960264	little	Garden start benefit them left again business. Brother central admit cup good Republican. Activity someone audience threat consider. Know huge why edge although.	public/default.png	2023-01-02 07:29:07+08	f	t
	\N	f	193	Alyssa	Johnson	user193@example.com	001-925-298-07	idea	Guy well size seek pay region cell. Forget notice next her race describe evening. Suggest never natural test body.	public/default.png	2022-05-05 18:22:51+08	f	t
	\N	f	194	Jenny	Khan	user194@example.com	(340)815-6826x	ability	Ready wrong itself individual may account. Eight throw mean movie increase guess onto wife. Night pass when bar hit rise. Heavy across contain respond unit.	public/default.png	2023-08-31 07:56:59+08	f	t
	\N	f	195	Daniel	Williams	user195@example.com	(570)982-8624	find	Many you land believe age magazine operation free. Show large among recently space.	public/default.png	2022-11-21 11:16:19+08	f	t
	\N	f	196	Derrick	Santiago	user196@example.com	684.807.4660x8	newspaper	Throughout course people information option price. Require down office at theory detail three pretty. Offer ahead project seat happy.	public/default.png	2023-11-25 00:17:17+08	f	t
	\N	f	197	Juan	Evans	user197@example.com	+1-936-349-078	wait	Concern but rule morning special. Huge less imagine detail million interesting.	public/default.png	2023-05-07 02:10:52+08	f	t
	\N	f	198	Jennifer	Beck	user198@example.com	324-401-5505	clearly	Heart recognize southern her family skill. Travel price buy several. Say never find knowledge policy second protect.	public/default.png	2020-03-17 10:48:52+08	f	t
	\N	f	199	Jordan	Heath	user199@example.com	263-515-1275x9	difficult	I two action offer event begin sing. Upon hospital close but voice sport. Plant family do remain reveal wait trip name.	public/default.png	2021-10-21 02:40:57+08	f	t
	\N	f	200	Michelle	Coleman	user200@example.com	8107709331	wall	Clearly front nor money fire door court use. Region surface race growth American.	public/default.png	2021-07-02 19:32:53+08	f	t
!xin2EFrZEDKle9iOXFTBW1dT0Y3hXqyBM9bzuGo6	2024-04-10 20:51:19.150617+08	f	201	Andrew Mari	Tan	amltan@addu.edu.ph				public/default.png	2024-03-24 15:42:43.937475+08	f	t
\.


--
-- Data for Name: users_user_groups; Type: TABLE DATA; Schema: public; Owner: postgres
--

COPY public.users_user_groups (id, user_id, group_id) FROM stdin;
\.


--
-- Data for Name: users_user_user_permissions; Type: TABLE DATA; Schema: public; Owner: postgres
--

COPY public.users_user_user_permissions (id, user_id, permission_id) FROM stdin;
\.


--
-- Name: auth_group_id_seq; Type: SEQUENCE SET; Schema: public; Owner: postgres
--

SELECT pg_catalog.setval('public.auth_group_id_seq', 1, false);


--
-- Name: auth_group_permissions_id_seq; Type: SEQUENCE SET; Schema: public; Owner: postgres
--

SELECT pg_catalog.setval('public.auth_group_permissions_id_seq', 1, false);


--
-- Name: auth_permission_id_seq; Type: SEQUENCE SET; Schema: public; Owner: postgres
--

SELECT pg_catalog.setval('public.auth_permission_id_seq', 76, true);


--
-- Name: django_admin_log_id_seq; Type: SEQUENCE SET; Schema: public; Owner: postgres
--

SELECT pg_catalog.setval('public.django_admin_log_id_seq', 1, false);


--
-- Name: django_content_type_id_seq; Type: SEQUENCE SET; Schema: public; Owner: postgres
--

SELECT pg_catalog.setval('public.django_content_type_id_seq', 19, true);


--
-- Name: django_migrations_id_seq; Type: SEQUENCE SET; Schema: public; Owner: postgres
--

SELECT pg_catalog.setval('public.django_migrations_id_seq', 31, true);


--
-- Name: inventory_category_id_seq; Type: SEQUENCE SET; Schema: public; Owner: postgres
--

SELECT pg_catalog.setval('public.inventory_category_id_seq', 10, true);


--
-- Name: inventory_inventory_id_seq; Type: SEQUENCE SET; Schema: public; Owner: postgres
--

SELECT pg_catalog.setval('public.inventory_inventory_id_seq', 100, true);


--
-- Name: inventory_itemcopy_id_seq; Type: SEQUENCE SET; Schema: public; Owner: postgres
--

SELECT pg_catalog.setval('public.inventory_itemcopy_id_seq', 2001, true);


--
-- Name: inventory_itemprofiling_id_seq; Type: SEQUENCE SET; Schema: public; Owner: postgres
--

SELECT pg_catalog.setval('public.inventory_itemprofiling_id_seq', 100, true);


--
-- Name: posts_post_id_seq; Type: SEQUENCE SET; Schema: public; Owner: postgres
--

SELECT pg_catalog.setval('public.posts_post_id_seq', 1, true);


--
-- Name: transactions_inquiry_id_seq; Type: SEQUENCE SET; Schema: public; Owner: postgres
--

SELECT pg_catalog.setval('public.transactions_inquiry_id_seq', 29, true);


--
-- Name: transactions_inquiryreply_id_seq; Type: SEQUENCE SET; Schema: public; Owner: postgres
--

SELECT pg_catalog.setval('public.transactions_inquiryreply_id_seq', 1, false);


--
-- Name: transactions_reserveditem_id_seq; Type: SEQUENCE SET; Schema: public; Owner: postgres
--

SELECT pg_catalog.setval('public.transactions_reserveditem_id_seq', 18, true);


--
-- Name: transactions_transaction_id_seq; Type: SEQUENCE SET; Schema: public; Owner: postgres
--

SELECT pg_catalog.setval('public.transactions_transaction_id_seq', 19, true);


--
-- Name: transactions_transactionitem_id_seq; Type: SEQUENCE SET; Schema: public; Owner: postgres
--

SELECT pg_catalog.setval('public.transactions_transactionitem_id_seq', 23, true);


--
-- Name: users_user_groups_id_seq; Type: SEQUENCE SET; Schema: public; Owner: postgres
--

SELECT pg_catalog.setval('public.users_user_groups_id_seq', 1, false);


--
-- Name: users_user_user_id_seq; Type: SEQUENCE SET; Schema: public; Owner: postgres
--

SELECT pg_catalog.setval('public.users_user_user_id_seq', 201, true);


--
-- Name: users_user_user_permissions_id_seq; Type: SEQUENCE SET; Schema: public; Owner: postgres
--

SELECT pg_catalog.setval('public.users_user_user_permissions_id_seq', 1, false);


--
-- Name: auth_group auth_group_name_key; Type: CONSTRAINT; Schema: public; Owner: postgres
--

ALTER TABLE ONLY public.auth_group
    ADD CONSTRAINT auth_group_name_key UNIQUE (name);


--
-- Name: auth_group_permissions auth_group_permissions_group_id_permission_id_0cd325b0_uniq; Type: CONSTRAINT; Schema: public; Owner: postgres
--

ALTER TABLE ONLY public.auth_group_permissions
    ADD CONSTRAINT auth_group_permissions_group_id_permission_id_0cd325b0_uniq UNIQUE (group_id, permission_id);


--
-- Name: auth_group_permissions auth_group_permissions_pkey; Type: CONSTRAINT; Schema: public; Owner: postgres
--

ALTER TABLE ONLY public.auth_group_permissions
    ADD CONSTRAINT auth_group_permissions_pkey PRIMARY KEY (id);


--
-- Name: auth_group auth_group_pkey; Type: CONSTRAINT; Schema: public; Owner: postgres
--

ALTER TABLE ONLY public.auth_group
    ADD CONSTRAINT auth_group_pkey PRIMARY KEY (id);


--
-- Name: auth_permission auth_permission_content_type_id_codename_01ab375a_uniq; Type: CONSTRAINT; Schema: public; Owner: postgres
--

ALTER TABLE ONLY public.auth_permission
    ADD CONSTRAINT auth_permission_content_type_id_codename_01ab375a_uniq UNIQUE (content_type_id, codename);


--
-- Name: auth_permission auth_permission_pkey; Type: CONSTRAINT; Schema: public; Owner: postgres
--

ALTER TABLE ONLY public.auth_permission
    ADD CONSTRAINT auth_permission_pkey PRIMARY KEY (id);


--
-- Name: authtoken_token authtoken_token_pkey; Type: CONSTRAINT; Schema: public; Owner: postgres
--

ALTER TABLE ONLY public.authtoken_token
    ADD CONSTRAINT authtoken_token_pkey PRIMARY KEY (key);


--
-- Name: authtoken_token authtoken_token_user_id_key; Type: CONSTRAINT; Schema: public; Owner: postgres
--

ALTER TABLE ONLY public.authtoken_token
    ADD CONSTRAINT authtoken_token_user_id_key UNIQUE (user_id);


--
-- Name: django_admin_log django_admin_log_pkey; Type: CONSTRAINT; Schema: public; Owner: postgres
--

ALTER TABLE ONLY public.django_admin_log
    ADD CONSTRAINT django_admin_log_pkey PRIMARY KEY (id);


--
-- Name: django_content_type django_content_type_app_label_model_76bd3d3b_uniq; Type: CONSTRAINT; Schema: public; Owner: postgres
--

ALTER TABLE ONLY public.django_content_type
    ADD CONSTRAINT django_content_type_app_label_model_76bd3d3b_uniq UNIQUE (app_label, model);


--
-- Name: django_content_type django_content_type_pkey; Type: CONSTRAINT; Schema: public; Owner: postgres
--

ALTER TABLE ONLY public.django_content_type
    ADD CONSTRAINT django_content_type_pkey PRIMARY KEY (id);


--
-- Name: django_migrations django_migrations_pkey; Type: CONSTRAINT; Schema: public; Owner: postgres
--

ALTER TABLE ONLY public.django_migrations
    ADD CONSTRAINT django_migrations_pkey PRIMARY KEY (id);


--
-- Name: django_session django_session_pkey; Type: CONSTRAINT; Schema: public; Owner: postgres
--

ALTER TABLE ONLY public.django_session
    ADD CONSTRAINT django_session_pkey PRIMARY KEY (session_key);


--
-- Name: inventory_category inventory_category_name_key; Type: CONSTRAINT; Schema: public; Owner: postgres
--

ALTER TABLE ONLY public.inventory_category
    ADD CONSTRAINT inventory_category_name_key UNIQUE (name);


--
-- Name: inventory_category inventory_category_pkey; Type: CONSTRAINT; Schema: public; Owner: postgres
--

ALTER TABLE ONLY public.inventory_category
    ADD CONSTRAINT inventory_category_pkey PRIMARY KEY (id);


--
-- Name: inventory_inventory inventory_inventory_pkey; Type: CONSTRAINT; Schema: public; Owner: postgres
--

ALTER TABLE ONLY public.inventory_inventory
    ADD CONSTRAINT inventory_inventory_pkey PRIMARY KEY (id);


--
-- Name: inventory_itemcopy inventory_itemcopy_pkey; Type: CONSTRAINT; Schema: public; Owner: postgres
--

ALTER TABLE ONLY public.inventory_itemcopy
    ADD CONSTRAINT inventory_itemcopy_pkey PRIMARY KEY (id);


--
-- Name: inventory_itemprofiling inventory_itemprofiling_name_key; Type: CONSTRAINT; Schema: public; Owner: postgres
--

ALTER TABLE ONLY public.inventory_itemprofiling
    ADD CONSTRAINT inventory_itemprofiling_name_key UNIQUE (name);


--
-- Name: inventory_itemprofiling inventory_itemprofiling_pkey; Type: CONSTRAINT; Schema: public; Owner: postgres
--

ALTER TABLE ONLY public.inventory_itemprofiling
    ADD CONSTRAINT inventory_itemprofiling_pkey PRIMARY KEY (id);


--
-- Name: posts_post posts_post_pkey; Type: CONSTRAINT; Schema: public; Owner: postgres
--

ALTER TABLE ONLY public.posts_post
    ADD CONSTRAINT posts_post_pkey PRIMARY KEY (id);


--
-- Name: transactions_inquiry transactions_inquiry_pkey; Type: CONSTRAINT; Schema: public; Owner: postgres
--

ALTER TABLE ONLY public.transactions_inquiry
    ADD CONSTRAINT transactions_inquiry_pkey PRIMARY KEY (id);


--
-- Name: transactions_inquiryreply transactions_inquiryreply_pkey; Type: CONSTRAINT; Schema: public; Owner: postgres
--

ALTER TABLE ONLY public.transactions_inquiryreply
    ADD CONSTRAINT transactions_inquiryreply_pkey PRIMARY KEY (id);


--
-- Name: transactions_reserveditem transactions_reserveditem_pkey; Type: CONSTRAINT; Schema: public; Owner: postgres
--

ALTER TABLE ONLY public.transactions_reserveditem
    ADD CONSTRAINT transactions_reserveditem_pkey PRIMARY KEY (id);


--
-- Name: transactions_transaction transactions_transaction_pkey; Type: CONSTRAINT; Schema: public; Owner: postgres
--

ALTER TABLE ONLY public.transactions_transaction
    ADD CONSTRAINT transactions_transaction_pkey PRIMARY KEY (id);


--
-- Name: transactions_transactionitem transactions_transactionitem_pkey; Type: CONSTRAINT; Schema: public; Owner: postgres
--

ALTER TABLE ONLY public.transactions_transactionitem
    ADD CONSTRAINT transactions_transactionitem_pkey PRIMARY KEY (id);


--
-- Name: users_staff users_staff_pkey; Type: CONSTRAINT; Schema: public; Owner: postgres
--

ALTER TABLE ONLY public.users_staff
    ADD CONSTRAINT users_staff_pkey PRIMARY KEY (user_id);


--
-- Name: users_user users_user_email_key; Type: CONSTRAINT; Schema: public; Owner: postgres
--

ALTER TABLE ONLY public.users_user
    ADD CONSTRAINT users_user_email_key UNIQUE (email);


--
-- Name: users_user_groups users_user_groups_pkey; Type: CONSTRAINT; Schema: public; Owner: postgres
--

ALTER TABLE ONLY public.users_user_groups
    ADD CONSTRAINT users_user_groups_pkey PRIMARY KEY (id);


--
-- Name: users_user_groups users_user_groups_user_id_group_id_b88eab82_uniq; Type: CONSTRAINT; Schema: public; Owner: postgres
--

ALTER TABLE ONLY public.users_user_groups
    ADD CONSTRAINT users_user_groups_user_id_group_id_b88eab82_uniq UNIQUE (user_id, group_id);


--
-- Name: users_user users_user_pkey; Type: CONSTRAINT; Schema: public; Owner: postgres
--

ALTER TABLE ONLY public.users_user
    ADD CONSTRAINT users_user_pkey PRIMARY KEY (user_id);


--
-- Name: users_user_user_permissions users_user_user_permissions_pkey; Type: CONSTRAINT; Schema: public; Owner: postgres
--

ALTER TABLE ONLY public.users_user_user_permissions
    ADD CONSTRAINT users_user_user_permissions_pkey PRIMARY KEY (id);


--
-- Name: users_user_user_permissions users_user_user_permissions_user_id_permission_id_43338c45_uniq; Type: CONSTRAINT; Schema: public; Owner: postgres
--

ALTER TABLE ONLY public.users_user_user_permissions
    ADD CONSTRAINT users_user_user_permissions_user_id_permission_id_43338c45_uniq UNIQUE (user_id, permission_id);


--
-- Name: auth_group_name_a6ea08ec_like; Type: INDEX; Schema: public; Owner: postgres
--

CREATE INDEX auth_group_name_a6ea08ec_like ON public.auth_group USING btree (name varchar_pattern_ops);


--
-- Name: auth_group_permissions_group_id_b120cbf9; Type: INDEX; Schema: public; Owner: postgres
--

CREATE INDEX auth_group_permissions_group_id_b120cbf9 ON public.auth_group_permissions USING btree (group_id);


--
-- Name: auth_group_permissions_permission_id_84c5c92e; Type: INDEX; Schema: public; Owner: postgres
--

CREATE INDEX auth_group_permissions_permission_id_84c5c92e ON public.auth_group_permissions USING btree (permission_id);


--
-- Name: auth_permission_content_type_id_2f476e4b; Type: INDEX; Schema: public; Owner: postgres
--

CREATE INDEX auth_permission_content_type_id_2f476e4b ON public.auth_permission USING btree (content_type_id);


--
-- Name: authtoken_token_key_10f0b77e_like; Type: INDEX; Schema: public; Owner: postgres
--

CREATE INDEX authtoken_token_key_10f0b77e_like ON public.authtoken_token USING btree (key varchar_pattern_ops);


--
-- Name: django_admin_log_content_type_id_c4bce8eb; Type: INDEX; Schema: public; Owner: postgres
--

CREATE INDEX django_admin_log_content_type_id_c4bce8eb ON public.django_admin_log USING btree (content_type_id);


--
-- Name: django_admin_log_user_id_c564eba6; Type: INDEX; Schema: public; Owner: postgres
--

CREATE INDEX django_admin_log_user_id_c564eba6 ON public.django_admin_log USING btree (user_id);


--
-- Name: django_session_expire_date_a5c62663; Type: INDEX; Schema: public; Owner: postgres
--

CREATE INDEX django_session_expire_date_a5c62663 ON public.django_session USING btree (expire_date);


--
-- Name: django_session_session_key_c0390e0f_like; Type: INDEX; Schema: public; Owner: postgres
--

CREATE INDEX django_session_session_key_c0390e0f_like ON public.django_session USING btree (session_key varchar_pattern_ops);


--
-- Name: inventory_category_name_c89a8bc0_like; Type: INDEX; Schema: public; Owner: postgres
--

CREATE INDEX inventory_category_name_c89a8bc0_like ON public.inventory_category USING btree (name varchar_pattern_ops);


--
-- Name: inventory_inventory_item_id_c77b66a4; Type: INDEX; Schema: public; Owner: postgres
--

CREATE INDEX inventory_inventory_item_id_c77b66a4 ON public.inventory_inventory USING btree (item_id);


--
-- Name: inventory_itemcopy_inventory_id_7e2c7907; Type: INDEX; Schema: public; Owner: postgres
--

CREATE INDEX inventory_itemcopy_inventory_id_7e2c7907 ON public.inventory_itemcopy USING btree (inventory_id);


--
-- Name: inventory_itemprofiling_category_id_c8ebfbef; Type: INDEX; Schema: public; Owner: postgres
--

CREATE INDEX inventory_itemprofiling_category_id_c8ebfbef ON public.inventory_itemprofiling USING btree (category_id);


--
-- Name: inventory_itemprofiling_name_ac9e16e3_like; Type: INDEX; Schema: public; Owner: postgres
--

CREATE INDEX inventory_itemprofiling_name_ac9e16e3_like ON public.inventory_itemprofiling USING btree (name varchar_pattern_ops);


--
-- Name: posts_post_author_id_fe5487bf; Type: INDEX; Schema: public; Owner: postgres
--

CREATE INDEX posts_post_author_id_fe5487bf ON public.posts_post USING btree (author_id);


--
-- Name: transactions_inquiry_inquirer_id_b845f463; Type: INDEX; Schema: public; Owner: postgres
--

CREATE INDEX transactions_inquiry_inquirer_id_b845f463 ON public.transactions_inquiry USING btree (inquirer_id);


--
-- Name: transactions_inquiry_post_id_ce254bce; Type: INDEX; Schema: public; Owner: postgres
--

CREATE INDEX transactions_inquiry_post_id_ce254bce ON public.transactions_inquiry USING btree (post_id);


--
-- Name: transactions_reserveditem_inquiry_id_1234ef06; Type: INDEX; Schema: public; Owner: postgres
--

CREATE INDEX transactions_reserveditem_inquiry_id_1234ef06 ON public.transactions_reserveditem USING btree (inquiry_id);


--
-- Name: transactions_reserveditem_inventory_id_7f6b0ee8; Type: INDEX; Schema: public; Owner: postgres
--

CREATE INDEX transactions_reserveditem_inventory_id_7f6b0ee8 ON public.transactions_reserveditem USING btree (inventory_id);


--
-- Name: transactions_reserveditem_item_id_c8b70e96; Type: INDEX; Schema: public; Owner: postgres
--

CREATE INDEX transactions_reserveditem_item_id_c8b70e96 ON public.transactions_reserveditem USING btree (item_id);


--
-- Name: transactions_transaction_inquiry_id_e30e889b; Type: INDEX; Schema: public; Owner: postgres
--

CREATE INDEX transactions_transaction_inquiry_id_e30e889b ON public.transactions_transaction USING btree (inquiry_id);


--
-- Name: transactions_transaction_participant_id_4d49e62e; Type: INDEX; Schema: public; Owner: postgres
--

CREATE INDEX transactions_transaction_participant_id_4d49e62e ON public.transactions_transaction USING btree (participant_id);


--
-- Name: transactions_transactionitem_inventory_id_f6242bdf; Type: INDEX; Schema: public; Owner: postgres
--

CREATE INDEX transactions_transactionitem_inventory_id_f6242bdf ON public.transactions_transactionitem USING btree (inventory_id);


--
-- Name: transactions_transactionitem_item_id_05efdd5b; Type: INDEX; Schema: public; Owner: postgres
--

CREATE INDEX transactions_transactionitem_item_id_05efdd5b ON public.transactions_transactionitem USING btree (item_id);


--
-- Name: transactions_transactionitem_transaction_id_acaa499e; Type: INDEX; Schema: public; Owner: postgres
--

CREATE INDEX transactions_transactionitem_transaction_id_acaa499e ON public.transactions_transactionitem USING btree (transaction_id);


--
-- Name: users_user_email_243f6e77_like; Type: INDEX; Schema: public; Owner: postgres
--

CREATE INDEX users_user_email_243f6e77_like ON public.users_user USING btree (email varchar_pattern_ops);


--
-- Name: users_user_groups_group_id_9afc8d0e; Type: INDEX; Schema: public; Owner: postgres
--

CREATE INDEX users_user_groups_group_id_9afc8d0e ON public.users_user_groups USING btree (group_id);


--
-- Name: users_user_groups_user_id_5f6f5a90; Type: INDEX; Schema: public; Owner: postgres
--

CREATE INDEX users_user_groups_user_id_5f6f5a90 ON public.users_user_groups USING btree (user_id);


--
-- Name: users_user_user_permissions_permission_id_0b93982e; Type: INDEX; Schema: public; Owner: postgres
--

CREATE INDEX users_user_user_permissions_permission_id_0b93982e ON public.users_user_user_permissions USING btree (permission_id);


--
-- Name: users_user_user_permissions_user_id_20aca447; Type: INDEX; Schema: public; Owner: postgres
--

CREATE INDEX users_user_user_permissions_user_id_20aca447 ON public.users_user_user_permissions USING btree (user_id);


--
-- Name: auth_group_permissions auth_group_permissio_permission_id_84c5c92e_fk_auth_perm; Type: FK CONSTRAINT; Schema: public; Owner: postgres
--

ALTER TABLE ONLY public.auth_group_permissions
    ADD CONSTRAINT auth_group_permissio_permission_id_84c5c92e_fk_auth_perm FOREIGN KEY (permission_id) REFERENCES public.auth_permission(id) DEFERRABLE INITIALLY DEFERRED;


--
-- Name: auth_group_permissions auth_group_permissions_group_id_b120cbf9_fk_auth_group_id; Type: FK CONSTRAINT; Schema: public; Owner: postgres
--

ALTER TABLE ONLY public.auth_group_permissions
    ADD CONSTRAINT auth_group_permissions_group_id_b120cbf9_fk_auth_group_id FOREIGN KEY (group_id) REFERENCES public.auth_group(id) DEFERRABLE INITIALLY DEFERRED;


--
-- Name: auth_permission auth_permission_content_type_id_2f476e4b_fk_django_co; Type: FK CONSTRAINT; Schema: public; Owner: postgres
--

ALTER TABLE ONLY public.auth_permission
    ADD CONSTRAINT auth_permission_content_type_id_2f476e4b_fk_django_co FOREIGN KEY (content_type_id) REFERENCES public.django_content_type(id) DEFERRABLE INITIALLY DEFERRED;


--
-- Name: authtoken_token authtoken_token_user_id_35299eff_fk_users_user_user_id; Type: FK CONSTRAINT; Schema: public; Owner: postgres
--

ALTER TABLE ONLY public.authtoken_token
    ADD CONSTRAINT authtoken_token_user_id_35299eff_fk_users_user_user_id FOREIGN KEY (user_id) REFERENCES public.users_user(user_id) DEFERRABLE INITIALLY DEFERRED;


--
-- Name: django_admin_log django_admin_log_content_type_id_c4bce8eb_fk_django_co; Type: FK CONSTRAINT; Schema: public; Owner: postgres
--

ALTER TABLE ONLY public.django_admin_log
    ADD CONSTRAINT django_admin_log_content_type_id_c4bce8eb_fk_django_co FOREIGN KEY (content_type_id) REFERENCES public.django_content_type(id) DEFERRABLE INITIALLY DEFERRED;


--
-- Name: django_admin_log django_admin_log_user_id_c564eba6_fk_users_user_user_id; Type: FK CONSTRAINT; Schema: public; Owner: postgres
--

ALTER TABLE ONLY public.django_admin_log
    ADD CONSTRAINT django_admin_log_user_id_c564eba6_fk_users_user_user_id FOREIGN KEY (user_id) REFERENCES public.users_user(user_id) DEFERRABLE INITIALLY DEFERRED;


--
-- Name: inventory_inventory inventory_inventory_item_id_c77b66a4_fk_inventory; Type: FK CONSTRAINT; Schema: public; Owner: postgres
--

ALTER TABLE ONLY public.inventory_inventory
    ADD CONSTRAINT inventory_inventory_item_id_c77b66a4_fk_inventory FOREIGN KEY (item_id) REFERENCES public.inventory_itemprofiling(id) DEFERRABLE INITIALLY DEFERRED;


--
-- Name: inventory_itemcopy inventory_itemcopy_inventory_id_7e2c7907_fk_inventory; Type: FK CONSTRAINT; Schema: public; Owner: postgres
--

ALTER TABLE ONLY public.inventory_itemcopy
    ADD CONSTRAINT inventory_itemcopy_inventory_id_7e2c7907_fk_inventory FOREIGN KEY (inventory_id) REFERENCES public.inventory_inventory(id) DEFERRABLE INITIALLY DEFERRED;


--
-- Name: inventory_itemprofiling inventory_itemprofil_category_id_c8ebfbef_fk_inventory; Type: FK CONSTRAINT; Schema: public; Owner: postgres
--

ALTER TABLE ONLY public.inventory_itemprofiling
    ADD CONSTRAINT inventory_itemprofil_category_id_c8ebfbef_fk_inventory FOREIGN KEY (category_id) REFERENCES public.inventory_category(id) DEFERRABLE INITIALLY DEFERRED;


--
-- Name: posts_post posts_post_author_id_fe5487bf_fk_users_user_user_id; Type: FK CONSTRAINT; Schema: public; Owner: postgres
--

ALTER TABLE ONLY public.posts_post
    ADD CONSTRAINT posts_post_author_id_fe5487bf_fk_users_user_user_id FOREIGN KEY (author_id) REFERENCES public.users_user(user_id) DEFERRABLE INITIALLY DEFERRED;


--
-- Name: transactions_inquiry transactions_inquiry_inquirer_id_b845f463_fk_users_user_user_id; Type: FK CONSTRAINT; Schema: public; Owner: postgres
--

ALTER TABLE ONLY public.transactions_inquiry
    ADD CONSTRAINT transactions_inquiry_inquirer_id_b845f463_fk_users_user_user_id FOREIGN KEY (inquirer_id) REFERENCES public.users_user(user_id) DEFERRABLE INITIALLY DEFERRED;


--
-- Name: transactions_inquiry transactions_inquiry_post_id_ce254bce_fk_posts_post_id; Type: FK CONSTRAINT; Schema: public; Owner: postgres
--

ALTER TABLE ONLY public.transactions_inquiry
    ADD CONSTRAINT transactions_inquiry_post_id_ce254bce_fk_posts_post_id FOREIGN KEY (post_id) REFERENCES public.posts_post(id) DEFERRABLE INITIALLY DEFERRED;


--
-- Name: transactions_reserveditem transactions_reserve_inquiry_id_1234ef06_fk_transacti; Type: FK CONSTRAINT; Schema: public; Owner: postgres
--

ALTER TABLE ONLY public.transactions_reserveditem
    ADD CONSTRAINT transactions_reserve_inquiry_id_1234ef06_fk_transacti FOREIGN KEY (inquiry_id) REFERENCES public.transactions_inquiry(id) DEFERRABLE INITIALLY DEFERRED;


--
-- Name: transactions_reserveditem transactions_reserve_inventory_id_7f6b0ee8_fk_inventory; Type: FK CONSTRAINT; Schema: public; Owner: postgres
--

ALTER TABLE ONLY public.transactions_reserveditem
    ADD CONSTRAINT transactions_reserve_inventory_id_7f6b0ee8_fk_inventory FOREIGN KEY (inventory_id) REFERENCES public.inventory_inventory(id) DEFERRABLE INITIALLY DEFERRED;


--
-- Name: transactions_reserveditem transactions_reserve_item_id_c8b70e96_fk_inventory; Type: FK CONSTRAINT; Schema: public; Owner: postgres
--

ALTER TABLE ONLY public.transactions_reserveditem
    ADD CONSTRAINT transactions_reserve_item_id_c8b70e96_fk_inventory FOREIGN KEY (item_id) REFERENCES public.inventory_itemcopy(id) DEFERRABLE INITIALLY DEFERRED;


--
-- Name: transactions_transaction transactions_transac_inquiry_id_e30e889b_fk_transacti; Type: FK CONSTRAINT; Schema: public; Owner: postgres
--

ALTER TABLE ONLY public.transactions_transaction
    ADD CONSTRAINT transactions_transac_inquiry_id_e30e889b_fk_transacti FOREIGN KEY (inquiry_id) REFERENCES public.transactions_inquiry(id) DEFERRABLE INITIALLY DEFERRED;


--
-- Name: transactions_transactionitem transactions_transac_inventory_id_f6242bdf_fk_inventory; Type: FK CONSTRAINT; Schema: public; Owner: postgres
--

ALTER TABLE ONLY public.transactions_transactionitem
    ADD CONSTRAINT transactions_transac_inventory_id_f6242bdf_fk_inventory FOREIGN KEY (inventory_id) REFERENCES public.inventory_inventory(id) DEFERRABLE INITIALLY DEFERRED;


--
-- Name: transactions_transactionitem transactions_transac_item_id_05efdd5b_fk_inventory; Type: FK CONSTRAINT; Schema: public; Owner: postgres
--

ALTER TABLE ONLY public.transactions_transactionitem
    ADD CONSTRAINT transactions_transac_item_id_05efdd5b_fk_inventory FOREIGN KEY (item_id) REFERENCES public.inventory_itemcopy(id) DEFERRABLE INITIALLY DEFERRED;


--
-- Name: transactions_transaction transactions_transac_participant_id_4d49e62e_fk_users_use; Type: FK CONSTRAINT; Schema: public; Owner: postgres
--

ALTER TABLE ONLY public.transactions_transaction
    ADD CONSTRAINT transactions_transac_participant_id_4d49e62e_fk_users_use FOREIGN KEY (participant_id) REFERENCES public.users_user(user_id) DEFERRABLE INITIALLY DEFERRED;


--
-- Name: transactions_transactionitem transactions_transac_transaction_id_acaa499e_fk_transacti; Type: FK CONSTRAINT; Schema: public; Owner: postgres
--

ALTER TABLE ONLY public.transactions_transactionitem
    ADD CONSTRAINT transactions_transac_transaction_id_acaa499e_fk_transacti FOREIGN KEY (transaction_id) REFERENCES public.transactions_transaction(id) DEFERRABLE INITIALLY DEFERRED;


--
-- Name: users_staff users_staff_user_id_3631488f_fk_users_user_user_id; Type: FK CONSTRAINT; Schema: public; Owner: postgres
--

ALTER TABLE ONLY public.users_staff
    ADD CONSTRAINT users_staff_user_id_3631488f_fk_users_user_user_id FOREIGN KEY (user_id) REFERENCES public.users_user(user_id) DEFERRABLE INITIALLY DEFERRED;


--
-- Name: users_user_groups users_user_groups_group_id_9afc8d0e_fk_auth_group_id; Type: FK CONSTRAINT; Schema: public; Owner: postgres
--

ALTER TABLE ONLY public.users_user_groups
    ADD CONSTRAINT users_user_groups_group_id_9afc8d0e_fk_auth_group_id FOREIGN KEY (group_id) REFERENCES public.auth_group(id) DEFERRABLE INITIALLY DEFERRED;


--
-- Name: users_user_groups users_user_groups_user_id_5f6f5a90_fk_users_user_user_id; Type: FK CONSTRAINT; Schema: public; Owner: postgres
--

ALTER TABLE ONLY public.users_user_groups
    ADD CONSTRAINT users_user_groups_user_id_5f6f5a90_fk_users_user_user_id FOREIGN KEY (user_id) REFERENCES public.users_user(user_id) DEFERRABLE INITIALLY DEFERRED;


--
-- Name: users_user_user_permissions users_user_user_perm_permission_id_0b93982e_fk_auth_perm; Type: FK CONSTRAINT; Schema: public; Owner: postgres
--

ALTER TABLE ONLY public.users_user_user_permissions
    ADD CONSTRAINT users_user_user_perm_permission_id_0b93982e_fk_auth_perm FOREIGN KEY (permission_id) REFERENCES public.auth_permission(id) DEFERRABLE INITIALLY DEFERRED;


--
-- Name: users_user_user_permissions users_user_user_perm_user_id_20aca447_fk_users_use; Type: FK CONSTRAINT; Schema: public; Owner: postgres
--

ALTER TABLE ONLY public.users_user_user_permissions
    ADD CONSTRAINT users_user_user_perm_user_id_20aca447_fk_users_use FOREIGN KEY (user_id) REFERENCES public.users_user(user_id) DEFERRABLE INITIALLY DEFERRED;


--
-- PostgreSQL database dump complete
--

