--
-- PostgreSQL database dump
--

-- Dumped from database version 16.1
-- Dumped by pg_dump version 16.1

SET statement_timeout = 0;
SET lock_timeout = 0;
SET idle_in_transaction_session_timeout = 0;
SET client_encoding = 'UTF8';
SET standard_conforming_strings = on;
SELECT pg_catalog.set_config('search_path', '', false);
SET check_function_bodies = false;
SET xmloption = content;
SET client_min_messages = warning;
SET row_security = off;

SET default_tablespace = '';

SET default_table_access_method = heap;

--
-- Name: auth_group; Type: TABLE; Schema: public; Owner: postgres
--

CREATE TABLE public.auth_group (
    id integer NOT NULL,
    name character varying(150) NOT NULL
);


ALTER TABLE public.auth_group OWNER TO postgres;

--
-- Name: auth_group_id_seq; Type: SEQUENCE; Schema: public; Owner: postgres
--

ALTER TABLE public.auth_group ALTER COLUMN id ADD GENERATED BY DEFAULT AS IDENTITY (
    SEQUENCE NAME public.auth_group_id_seq
    START WITH 1
    INCREMENT BY 1
    NO MINVALUE
    NO MAXVALUE
    CACHE 1
);


--
-- Name: auth_group_permissions; Type: TABLE; Schema: public; Owner: postgres
--

CREATE TABLE public.auth_group_permissions (
    id bigint NOT NULL,
    group_id integer NOT NULL,
    permission_id integer NOT NULL
);


ALTER TABLE public.auth_group_permissions OWNER TO postgres;

--
-- Name: auth_group_permissions_id_seq; Type: SEQUENCE; Schema: public; Owner: postgres
--

ALTER TABLE public.auth_group_permissions ALTER COLUMN id ADD GENERATED BY DEFAULT AS IDENTITY (
    SEQUENCE NAME public.auth_group_permissions_id_seq
    START WITH 1
    INCREMENT BY 1
    NO MINVALUE
    NO MAXVALUE
    CACHE 1
);


--
-- Name: auth_permission; Type: TABLE; Schema: public; Owner: postgres
--

CREATE TABLE public.auth_permission (
    id integer NOT NULL,
    name character varying(255) NOT NULL,
    content_type_id integer NOT NULL,
    codename character varying(100) NOT NULL
);


ALTER TABLE public.auth_permission OWNER TO postgres;

--
-- Name: auth_permission_id_seq; Type: SEQUENCE; Schema: public; Owner: postgres
--

ALTER TABLE public.auth_permission ALTER COLUMN id ADD GENERATED BY DEFAULT AS IDENTITY (
    SEQUENCE NAME public.auth_permission_id_seq
    START WITH 1
    INCREMENT BY 1
    NO MINVALUE
    NO MAXVALUE
    CACHE 1
);


--
-- Name: authtoken_token; Type: TABLE; Schema: public; Owner: postgres
--

CREATE TABLE public.authtoken_token (
    key character varying(40) NOT NULL,
    created timestamp with time zone NOT NULL,
    user_id integer NOT NULL
);


ALTER TABLE public.authtoken_token OWNER TO postgres;

--
-- Name: django_admin_log; Type: TABLE; Schema: public; Owner: postgres
--

CREATE TABLE public.django_admin_log (
    id integer NOT NULL,
    action_time timestamp with time zone NOT NULL,
    object_id text,
    object_repr character varying(200) NOT NULL,
    action_flag smallint NOT NULL,
    change_message text NOT NULL,
    content_type_id integer,
    user_id integer NOT NULL,
    CONSTRAINT django_admin_log_action_flag_check CHECK ((action_flag >= 0))
);


ALTER TABLE public.django_admin_log OWNER TO postgres;

--
-- Name: django_admin_log_id_seq; Type: SEQUENCE; Schema: public; Owner: postgres
--

ALTER TABLE public.django_admin_log ALTER COLUMN id ADD GENERATED BY DEFAULT AS IDENTITY (
    SEQUENCE NAME public.django_admin_log_id_seq
    START WITH 1
    INCREMENT BY 1
    NO MINVALUE
    NO MAXVALUE
    CACHE 1
);


--
-- Name: django_content_type; Type: TABLE; Schema: public; Owner: postgres
--

CREATE TABLE public.django_content_type (
    id integer NOT NULL,
    app_label character varying(100) NOT NULL,
    model character varying(100) NOT NULL
);


ALTER TABLE public.django_content_type OWNER TO postgres;

--
-- Name: django_content_type_id_seq; Type: SEQUENCE; Schema: public; Owner: postgres
--

ALTER TABLE public.django_content_type ALTER COLUMN id ADD GENERATED BY DEFAULT AS IDENTITY (
    SEQUENCE NAME public.django_content_type_id_seq
    START WITH 1
    INCREMENT BY 1
    NO MINVALUE
    NO MAXVALUE
    CACHE 1
);


--
-- Name: django_migrations; Type: TABLE; Schema: public; Owner: postgres
--

CREATE TABLE public.django_migrations (
    id bigint NOT NULL,
    app character varying(255) NOT NULL,
    name character varying(255) NOT NULL,
    applied timestamp with time zone NOT NULL
);


ALTER TABLE public.django_migrations OWNER TO postgres;

--
-- Name: django_migrations_id_seq; Type: SEQUENCE; Schema: public; Owner: postgres
--

ALTER TABLE public.django_migrations ALTER COLUMN id ADD GENERATED BY DEFAULT AS IDENTITY (
    SEQUENCE NAME public.django_migrations_id_seq
    START WITH 1
    INCREMENT BY 1
    NO MINVALUE
    NO MAXVALUE
    CACHE 1
);


--
-- Name: django_session; Type: TABLE; Schema: public; Owner: postgres
--

CREATE TABLE public.django_session (
    session_key character varying(40) NOT NULL,
    session_data text NOT NULL,
    expire_date timestamp with time zone NOT NULL
);


ALTER TABLE public.django_session OWNER TO postgres;

--
-- Name: inventory_category; Type: TABLE; Schema: public; Owner: postgres
--

CREATE TABLE public.inventory_category (
    id bigint NOT NULL,
    name character varying(150) NOT NULL
);


ALTER TABLE public.inventory_category OWNER TO postgres;

--
-- Name: inventory_category_id_seq; Type: SEQUENCE; Schema: public; Owner: postgres
--

ALTER TABLE public.inventory_category ALTER COLUMN id ADD GENERATED BY DEFAULT AS IDENTITY (
    SEQUENCE NAME public.inventory_category_id_seq
    START WITH 1
    INCREMENT BY 1
    NO MINVALUE
    NO MAXVALUE
    CACHE 1
);


--
-- Name: inventory_exporthistory; Type: TABLE; Schema: public; Owner: postgres
--

CREATE TABLE public.inventory_exporthistory (
    id bigint NOT NULL,
    filename character varying(255) NOT NULL,
    export_date timestamp with time zone NOT NULL
);


ALTER TABLE public.inventory_exporthistory OWNER TO postgres;

--
-- Name: inventory_exporthistory_id_seq; Type: SEQUENCE; Schema: public; Owner: postgres
--

ALTER TABLE public.inventory_exporthistory ALTER COLUMN id ADD GENERATED BY DEFAULT AS IDENTITY (
    SEQUENCE NAME public.inventory_exporthistory_id_seq
    START WITH 1
    INCREMENT BY 1
    NO MINVALUE
    NO MAXVALUE
    CACHE 1
);


--
-- Name: inventory_inventory; Type: TABLE; Schema: public; Owner: postgres
--

CREATE TABLE public.inventory_inventory (
    id bigint NOT NULL,
    quantity integer NOT NULL,
    reserved_quantity integer NOT NULL,
    borrowed_quantity integer NOT NULL,
    is_hidden boolean NOT NULL,
    item_id bigint NOT NULL,
    CONSTRAINT inventory_inventory_borrowed_quantity_check CHECK ((borrowed_quantity >= 0)),
    CONSTRAINT inventory_inventory_quantity_check CHECK ((quantity >= 0)),
    CONSTRAINT inventory_inventory_reserved_quantity_check CHECK ((reserved_quantity >= 0))
);


ALTER TABLE public.inventory_inventory OWNER TO postgres;

--
-- Name: inventory_inventory_id_seq; Type: SEQUENCE; Schema: public; Owner: postgres
--

ALTER TABLE public.inventory_inventory ALTER COLUMN id ADD GENERATED BY DEFAULT AS IDENTITY (
    SEQUENCE NAME public.inventory_inventory_id_seq
    START WITH 1
    INCREMENT BY 1
    NO MINVALUE
    NO MAXVALUE
    CACHE 1
);


--
-- Name: inventory_itemcopy; Type: TABLE; Schema: public; Owner: postgres
--

CREATE TABLE public.inventory_itemcopy (
    id bigint NOT NULL,
    condition character varying(50) NOT NULL,
    is_reserved boolean NOT NULL,
    is_borrowed boolean NOT NULL,
    previous_is_borrowed boolean NOT NULL,
    display_id character varying(50) NOT NULL,
    inventory_id bigint NOT NULL
);


ALTER TABLE public.inventory_itemcopy OWNER TO postgres;

--
-- Name: inventory_itemcopy_id_seq; Type: SEQUENCE; Schema: public; Owner: postgres
--

ALTER TABLE public.inventory_itemcopy ALTER COLUMN id ADD GENERATED BY DEFAULT AS IDENTITY (
    SEQUENCE NAME public.inventory_itemcopy_id_seq
    START WITH 1
    INCREMENT BY 1
    NO MINVALUE
    NO MAXVALUE
    CACHE 1
);


--
-- Name: inventory_itemprofiling; Type: TABLE; Schema: public; Owner: postgres
--

CREATE TABLE public.inventory_itemprofiling (
    id bigint NOT NULL,
    name character varying(150) NOT NULL,
    returnable boolean NOT NULL,
    description text,
    image character varying(100) NOT NULL,
    "isDeleted" boolean NOT NULL,
    category_id bigint
);


ALTER TABLE public.inventory_itemprofiling OWNER TO postgres;

--
-- Name: inventory_itemprofiling_id_seq; Type: SEQUENCE; Schema: public; Owner: postgres
--

ALTER TABLE public.inventory_itemprofiling ALTER COLUMN id ADD GENERATED BY DEFAULT AS IDENTITY (
    SEQUENCE NAME public.inventory_itemprofiling_id_seq
    START WITH 1
    INCREMENT BY 1
    NO MINVALUE
    NO MAXVALUE
    CACHE 1
);


--
-- Name: posts_post; Type: TABLE; Schema: public; Owner: postgres
--

CREATE TABLE public.posts_post (
    id bigint NOT NULL,
    category character varying(30) NOT NULL,
    message text NOT NULL,
    title character varying(255) NOT NULL,
    images character varying(100),
    views integer NOT NULL,
    status character varying(20) NOT NULL,
    created_at timestamp with time zone NOT NULL,
    author_id integer NOT NULL,
    CONSTRAINT posts_post_views_check CHECK ((views >= 0))
);


ALTER TABLE public.posts_post OWNER TO postgres;

--
-- Name: posts_post_id_seq; Type: SEQUENCE; Schema: public; Owner: postgres
--

ALTER TABLE public.posts_post ALTER COLUMN id ADD GENERATED BY DEFAULT AS IDENTITY (
    SEQUENCE NAME public.posts_post_id_seq
    START WITH 1
    INCREMENT BY 1
    NO MINVALUE
    NO MAXVALUE
    CACHE 1
);


--
-- Name: transactions_inquiry; Type: TABLE; Schema: public; Owner: postgres
--

CREATE TABLE public.transactions_inquiry (
    id bigint NOT NULL,
    message text NOT NULL,
    inquiry_type character varying(20) NOT NULL,
    status character varying(20) NOT NULL,
    date_preferred date NOT NULL,
    date_created timestamp with time zone NOT NULL,
    status_updated_at timestamp with time zone NOT NULL,
    reply text,
    inquirer_id integer NOT NULL,
    post_id bigint
);


ALTER TABLE public.transactions_inquiry OWNER TO postgres;

--
-- Name: transactions_inquiry_id_seq; Type: SEQUENCE; Schema: public; Owner: postgres
--

ALTER TABLE public.transactions_inquiry ALTER COLUMN id ADD GENERATED BY DEFAULT AS IDENTITY (
    SEQUENCE NAME public.transactions_inquiry_id_seq
    START WITH 1
    INCREMENT BY 1
    NO MINVALUE
    NO MAXVALUE
    CACHE 1
);


--
-- Name: transactions_inquiryreply; Type: TABLE; Schema: public; Owner: postgres
--

CREATE TABLE public.transactions_inquiryreply (
    id bigint NOT NULL,
    message text NOT NULL
);


ALTER TABLE public.transactions_inquiryreply OWNER TO postgres;

--
-- Name: transactions_inquiryreply_id_seq; Type: SEQUENCE; Schema: public; Owner: postgres
--

ALTER TABLE public.transactions_inquiryreply ALTER COLUMN id ADD GENERATED BY DEFAULT AS IDENTITY (
    SEQUENCE NAME public.transactions_inquiryreply_id_seq
    START WITH 1
    INCREMENT BY 1
    NO MINVALUE
    NO MAXVALUE
    CACHE 1
);


--
-- Name: transactions_reserveditem; Type: TABLE; Schema: public; Owner: postgres
--

CREATE TABLE public.transactions_reserveditem (
    id bigint NOT NULL,
    quantity integer NOT NULL,
    inquiry_id bigint NOT NULL,
    inventory_id bigint,
    item_id bigint,
    CONSTRAINT transactions_reserveditem_quantity_check CHECK ((quantity >= 0))
);


ALTER TABLE public.transactions_reserveditem OWNER TO postgres;

--
-- Name: transactions_reserveditem_id_seq; Type: SEQUENCE; Schema: public; Owner: postgres
--

ALTER TABLE public.transactions_reserveditem ALTER COLUMN id ADD GENERATED BY DEFAULT AS IDENTITY (
    SEQUENCE NAME public.transactions_reserveditem_id_seq
    START WITH 1
    INCREMENT BY 1
    NO MINVALUE
    NO MAXVALUE
    CACHE 1
);


--
-- Name: transactions_transaction; Type: TABLE; Schema: public; Owner: postgres
--

CREATE TABLE public.transactions_transaction (
    id bigint NOT NULL,
    date_created timestamp with time zone NOT NULL,
    transaction_type character varying(20) NOT NULL,
    remarks text,
    is_active boolean NOT NULL,
    return_date date,
    inquiry_id bigint,
    participant_id integer NOT NULL
);


ALTER TABLE public.transactions_transaction OWNER TO postgres;

--
-- Name: transactions_transaction_id_seq; Type: SEQUENCE; Schema: public; Owner: postgres
--

ALTER TABLE public.transactions_transaction ALTER COLUMN id ADD GENERATED BY DEFAULT AS IDENTITY (
    SEQUENCE NAME public.transactions_transaction_id_seq
    START WITH 1
    INCREMENT BY 1
    NO MINVALUE
    NO MAXVALUE
    CACHE 1
);


--
-- Name: transactions_transactionitem; Type: TABLE; Schema: public; Owner: postgres
--

CREATE TABLE public.transactions_transactionitem (
    id bigint NOT NULL,
    quantity integer NOT NULL,
    return_date date,
    status character varying(10),
    condition character varying(50),
    inventory_id bigint,
    item_id bigint,
    transaction_id bigint NOT NULL,
    CONSTRAINT transactions_transactionitem_quantity_check CHECK ((quantity >= 0))
);


ALTER TABLE public.transactions_transactionitem OWNER TO postgres;

--
-- Name: transactions_transactionitem_id_seq; Type: SEQUENCE; Schema: public; Owner: postgres
--

ALTER TABLE public.transactions_transactionitem ALTER COLUMN id ADD GENERATED BY DEFAULT AS IDENTITY (
    SEQUENCE NAME public.transactions_transactionitem_id_seq
    START WITH 1
    INCREMENT BY 1
    NO MINVALUE
    NO MAXVALUE
    CACHE 1
);


--
-- Name: users_department; Type: TABLE; Schema: public; Owner: postgres
--

CREATE TABLE public.users_department (
    id bigint NOT NULL,
    name character varying(255) NOT NULL
);


ALTER TABLE public.users_department OWNER TO postgres;

--
-- Name: users_department_id_seq; Type: SEQUENCE; Schema: public; Owner: postgres
--

ALTER TABLE public.users_department ALTER COLUMN id ADD GENERATED BY DEFAULT AS IDENTITY (
    SEQUENCE NAME public.users_department_id_seq
    START WITH 1
    INCREMENT BY 1
    NO MINVALUE
    NO MAXVALUE
    CACHE 1
);


--
-- Name: users_staff; Type: TABLE; Schema: public; Owner: postgres
--

CREATE TABLE public.users_staff (
    user_id integer NOT NULL,
    "position" character varying(255) NOT NULL,
    date_hired timestamp with time zone NOT NULL
);


ALTER TABLE public.users_staff OWNER TO postgres;

--
-- Name: users_user; Type: TABLE; Schema: public; Owner: postgres
--

CREATE TABLE public.users_user (
    password character varying(128) NOT NULL,
    last_login timestamp with time zone,
    is_superuser boolean NOT NULL,
    user_id integer NOT NULL,
    first_name character varying(255) NOT NULL,
    last_name character varying(255) NOT NULL,
    email character varying(200) NOT NULL,
    contact character varying(50) NOT NULL,
    bio text NOT NULL,
    avatar character varying(100) NOT NULL,
    date_joined timestamp with time zone NOT NULL,
    enable_notifications boolean NOT NULL,
    is_staff boolean NOT NULL,
    department_id bigint
);


ALTER TABLE public.users_user OWNER TO postgres;

--
-- Name: users_user_groups; Type: TABLE; Schema: public; Owner: postgres
--

CREATE TABLE public.users_user_groups (
    id bigint NOT NULL,
    user_id integer NOT NULL,
    group_id integer NOT NULL
);


ALTER TABLE public.users_user_groups OWNER TO postgres;

--
-- Name: users_user_groups_id_seq; Type: SEQUENCE; Schema: public; Owner: postgres
--

ALTER TABLE public.users_user_groups ALTER COLUMN id ADD GENERATED BY DEFAULT AS IDENTITY (
    SEQUENCE NAME public.users_user_groups_id_seq
    START WITH 1
    INCREMENT BY 1
    NO MINVALUE
    NO MAXVALUE
    CACHE 1
);


--
-- Name: users_user_user_id_seq; Type: SEQUENCE; Schema: public; Owner: postgres
--

ALTER TABLE public.users_user ALTER COLUMN user_id ADD GENERATED BY DEFAULT AS IDENTITY (
    SEQUENCE NAME public.users_user_user_id_seq
    START WITH 1
    INCREMENT BY 1
    NO MINVALUE
    NO MAXVALUE
    CACHE 1
);


--
-- Name: users_user_user_permissions; Type: TABLE; Schema: public; Owner: postgres
--

CREATE TABLE public.users_user_user_permissions (
    id bigint NOT NULL,
    user_id integer NOT NULL,
    permission_id integer NOT NULL
);


ALTER TABLE public.users_user_user_permissions OWNER TO postgres;

--
-- Name: users_user_user_permissions_id_seq; Type: SEQUENCE; Schema: public; Owner: postgres
--

ALTER TABLE public.users_user_user_permissions ALTER COLUMN id ADD GENERATED BY DEFAULT AS IDENTITY (
    SEQUENCE NAME public.users_user_user_permissions_id_seq
    START WITH 1
    INCREMENT BY 1
    NO MINVALUE
    NO MAXVALUE
    CACHE 1
);


--
-- Data for Name: auth_group; Type: TABLE DATA; Schema: public; Owner: postgres
--

COPY public.auth_group (id, name) FROM stdin;
\.


--
-- Data for Name: auth_group_permissions; Type: TABLE DATA; Schema: public; Owner: postgres
--

COPY public.auth_group_permissions (id, group_id, permission_id) FROM stdin;
\.


--
-- Data for Name: auth_permission; Type: TABLE DATA; Schema: public; Owner: postgres
--

COPY public.auth_permission (id, name, content_type_id, codename) FROM stdin;
1	Can add log entry	1	add_logentry
2	Can change log entry	1	change_logentry
3	Can delete log entry	1	delete_logentry
4	Can view log entry	1	view_logentry
5	Can add permission	2	add_permission
6	Can change permission	2	change_permission
7	Can delete permission	2	delete_permission
8	Can view permission	2	view_permission
9	Can add group	3	add_group
10	Can change group	3	change_group
11	Can delete group	3	delete_group
12	Can view group	3	view_group
13	Can add content type	4	add_contenttype
14	Can change content type	4	change_contenttype
15	Can delete content type	4	delete_contenttype
16	Can view content type	4	view_contenttype
17	Can add session	5	add_session
18	Can change session	5	change_session
19	Can delete session	5	delete_session
20	Can view session	5	view_session
21	Can add Token	6	add_token
22	Can change Token	6	change_token
23	Can delete Token	6	delete_token
24	Can view Token	6	view_token
25	Can add token	7	add_tokenproxy
26	Can change token	7	change_tokenproxy
27	Can delete token	7	delete_tokenproxy
28	Can view token	7	view_tokenproxy
29	Can add user	8	add_user
30	Can change user	8	change_user
31	Can delete user	8	delete_user
32	Can view user	8	view_user
33	Can add department	9	add_department
34	Can change department	9	change_department
35	Can delete department	9	delete_department
36	Can view department	9	view_department
37	Can add staff	10	add_staff
38	Can change staff	10	change_staff
39	Can delete staff	10	delete_staff
40	Can view staff	10	view_staff
41	Can add category	11	add_category
42	Can change category	11	change_category
43	Can delete category	11	delete_category
44	Can view category	11	view_category
45	Can add export history	12	add_exporthistory
46	Can change export history	12	change_exporthistory
47	Can delete export history	12	delete_exporthistory
48	Can view export history	12	view_exporthistory
49	Can add inventory	13	add_inventory
50	Can change inventory	13	change_inventory
51	Can delete inventory	13	delete_inventory
52	Can view inventory	13	view_inventory
53	Can add item profiling	14	add_itemprofiling
54	Can change item profiling	14	change_itemprofiling
55	Can delete item profiling	14	delete_itemprofiling
56	Can view item profiling	14	view_itemprofiling
57	Can add item copy	15	add_itemcopy
58	Can change item copy	15	change_itemcopy
59	Can delete item copy	15	delete_itemcopy
60	Can view item copy	15	view_itemcopy
61	Can add inquiry	16	add_inquiry
62	Can change inquiry	16	change_inquiry
63	Can delete inquiry	16	delete_inquiry
64	Can view inquiry	16	view_inquiry
65	Can add inquiry reply	17	add_inquiryreply
66	Can change inquiry reply	17	change_inquiryreply
67	Can delete inquiry reply	17	delete_inquiryreply
68	Can view inquiry reply	17	view_inquiryreply
69	Can add reserved item	18	add_reserveditem
70	Can change reserved item	18	change_reserveditem
71	Can delete reserved item	18	delete_reserveditem
72	Can view reserved item	18	view_reserveditem
73	Can add transaction	19	add_transaction
74	Can change transaction	19	change_transaction
75	Can delete transaction	19	delete_transaction
76	Can view transaction	19	view_transaction
77	Can add transaction item	20	add_transactionitem
78	Can change transaction item	20	change_transactionitem
79	Can delete transaction item	20	delete_transactionitem
80	Can view transaction item	20	view_transactionitem
81	Can add post	21	add_post
82	Can change post	21	change_post
83	Can delete post	21	delete_post
84	Can view post	21	view_post
\.


--
-- Data for Name: authtoken_token; Type: TABLE DATA; Schema: public; Owner: postgres
--

COPY public.authtoken_token (key, created, user_id) FROM stdin;
f6e0b0a8d75c1d76d172b26efe0f9d83f37f5572	2024-04-24 13:38:20.595208+08	1
\.


--
-- Data for Name: django_admin_log; Type: TABLE DATA; Schema: public; Owner: postgres
--

COPY public.django_admin_log (id, action_time, object_id, object_repr, action_flag, change_message, content_type_id, user_id) FROM stdin;
\.


--
-- Data for Name: django_content_type; Type: TABLE DATA; Schema: public; Owner: postgres
--

COPY public.django_content_type (id, app_label, model) FROM stdin;
1	admin	logentry
2	auth	permission
3	auth	group
4	contenttypes	contenttype
5	sessions	session
6	authtoken	token
7	authtoken	tokenproxy
8	users	user
9	users	department
10	users	staff
11	inventory	category
12	inventory	exporthistory
13	inventory	inventory
14	inventory	itemprofiling
15	inventory	itemcopy
16	transactions	inquiry
17	transactions	inquiryreply
18	transactions	reserveditem
19	transactions	transaction
20	transactions	transactionitem
21	posts	post
\.


--
-- Data for Name: django_migrations; Type: TABLE DATA; Schema: public; Owner: postgres
--

COPY public.django_migrations (id, app, name, applied) FROM stdin;
1	contenttypes	0001_initial	2024-04-24 13:36:37.716367+08
2	contenttypes	0002_remove_content_type_name	2024-04-24 13:36:37.725343+08
3	auth	0001_initial	2024-04-24 13:36:37.79041+08
4	auth	0002_alter_permission_name_max_length	2024-04-24 13:36:37.796003+08
5	auth	0003_alter_user_email_max_length	2024-04-24 13:36:37.80099+08
6	auth	0004_alter_user_username_opts	2024-04-24 13:36:37.807972+08
7	auth	0005_alter_user_last_login_null	2024-04-24 13:36:37.816947+08
8	auth	0006_require_contenttypes_0002	2024-04-24 13:36:37.819939+08
9	auth	0007_alter_validators_add_error_messages	2024-04-24 13:36:37.82692+08
10	auth	0008_alter_user_username_max_length	2024-04-24 13:36:37.832905+08
11	auth	0009_alter_user_last_name_max_length	2024-04-24 13:36:37.839887+08
12	auth	0010_alter_group_name_max_length	2024-04-24 13:36:37.850856+08
13	auth	0011_update_proxy_permissions	2024-04-24 13:36:37.856841+08
14	auth	0012_alter_user_first_name_max_length	2024-04-24 13:36:37.863821+08
15	users	0001_initial	2024-04-24 13:36:37.999259+08
16	admin	0001_initial	2024-04-24 13:36:38.033083+08
17	admin	0002_logentry_remove_auto_add	2024-04-24 13:36:38.046048+08
18	admin	0003_logentry_add_action_flag_choices	2024-04-24 13:36:38.055024+08
19	authtoken	0001_initial	2024-04-24 13:36:38.08099+08
20	authtoken	0002_auto_20160226_1747	2024-04-24 13:36:38.115895+08
21	authtoken	0003_tokenproxy	2024-04-24 13:36:38.119884+08
22	inventory	0001_initial	2024-04-24 13:36:38.196329+08
23	posts	0001_initial	2024-04-24 13:36:38.208298+08
24	posts	0002_initial	2024-04-24 13:36:38.224255+08
25	sessions	0001_initial	2024-04-24 13:36:38.245217+08
26	transactions	0001_initial	2024-04-24 13:36:38.311922+08
27	transactions	0002_initial	2024-04-24 13:36:38.415061+08
\.


--
-- Data for Name: django_session; Type: TABLE DATA; Schema: public; Owner: postgres
--

COPY public.django_session (session_key, session_data, expire_date) FROM stdin;
r0r3e3mnn37xfavkt2rll7y6q6seyfxc	.eJxVjMsOwiAQRf-FtSEMlEdduu83EJgZpWogKe3K-O_apAvd3nPOfYmYtrXErfMSZxJnAeL0u-WED647oHuqtyax1XWZs9wVedAup0b8vBzu30FJvXzrANoRIY7gMLAeFJAnrdAjWIfA_mqyz3qgZBLYkBFJkUdUerSGPYv3B-kROE8:1rzVKm:Pch3d4oojh9_lUhPq5DOO1PktC9hm27g7ZwShc2oRuY	2024-05-08 13:38:20.607176+08
lxgrqvq5jit1c7qs3di37fd7hnfv1x3z	.eJxVjMsOwiAQRf-FtSEMlEdduu83EJgZpWogKe3K-O_apAvd3nPOfYmYtrXErfMSZxJnAeL0u-WED647oHuqtyax1XWZs9wVedAup0b8vBzu30FJvXzrANoRIY7gMLAeFJAnrdAjWIfA_mqyz3qgZBLYkBFJkUdUerSGPYv3B-kROE8:1s1KJL:omKZvYBENjiUEsWHueyPHyYbOfdeC9PmlgdXvkrWZUs	2024-05-13 14:16:23.435093+08
5skjufdzv2e8reedpg670k1fi66wwnbi	.eJxVjMsOwiAQRf-FtSEMlEdduu83EJgZpWogKe3K-O_apAvd3nPOfYmYtrXErfMSZxJnAeL0u-WED647oHuqtyax1XWZs9wVedAup0b8vBzu30FJvXzrANoRIY7gMLAeFJAnrdAjWIfA_mqyz3qgZBLYkBFJkUdUerSGPYv3B-kROE8:1s1PPy:VMXHyi6GknRBdIBUfMLa9eMWYax7r2YjM_6EGlPYXAw	2024-05-13 19:43:34.630319+08
3twngz11nyr3d22cttoa59u9ux5637gb	.eJxVjMsOwiAQRf-FtSEMlEdduu83EJgZpWogKe3K-O_apAvd3nPOfYmYtrXErfMSZxJnAeL0u-WED647oHuqtyax1XWZs9wVedAup0b8vBzu30FJvXzrANoRIY7gMLAeFJAnrdAjWIfA_mqyz3qgZBLYkBFJkUdUerSGPYv3B-kROE8:1s1pZ6:w2dAqAuIQ_xirlXvQdBNfoN5KL5wB_tr0RUwkyryTvw	2024-05-14 23:38:44.649675+08
\.


--
-- Data for Name: inventory_category; Type: TABLE DATA; Schema: public; Owner: postgres
--

COPY public.inventory_category (id, name) FROM stdin;
1	Tech
2	Books
3	Clothing
4	Electronics
5	Kitchen
6	Toys
\.


--
-- Data for Name: inventory_exporthistory; Type: TABLE DATA; Schema: public; Owner: postgres
--

COPY public.inventory_exporthistory (id, filename, export_date) FROM stdin;
\.


--
-- Data for Name: inventory_inventory; Type: TABLE DATA; Schema: public; Owner: postgres
--

COPY public.inventory_inventory (id, quantity, reserved_quantity, borrowed_quantity, is_hidden, item_id) FROM stdin;
2	11	0	1	t	2
11	9	0	0	f	11
10	8	0	2	f	10
8	11	0	0	t	8
30	10	0	0	f	30
23	11	0	0	f	23
27	12	0	0	f	27
14	13	0	0	f	14
25	14	0	0	f	25
28	11	0	0	f	28
19	15	0	0	f	19
13	10	0	0	f	13
15	10	0	0	f	15
16	10	0	0	f	16
17	10	0	0	f	17
18	10	0	0	f	18
20	10	0	0	f	20
1	0	0	0	t	1
4	8	0	2	t	4
3	13	0	0	t	3
21	10	0	0	f	21
22	10	0	0	f	22
24	10	0	0	f	24
29	10	0	0	t	29
12	8	0	2	t	12
5	9	0	1	t	5
6	10	0	0	t	6
7	9	0	1	t	7
9	10	0	0	t	9
26	10	0	0	f	26
\.


--
-- Data for Name: inventory_itemcopy; Type: TABLE DATA; Schema: public; Owner: postgres
--

COPY public.inventory_itemcopy (id, condition, is_reserved, is_borrowed, previous_is_borrowed, display_id, inventory_id) FROM stdin;
1	Good	f	f	f	1-1	1
2	Good	f	f	f	1-2	1
3	Good	f	f	f	1-3	1
4	Good	f	f	f	1-4	1
5	Good	f	f	f	1-5	1
6	Good	f	f	f	1-6	1
7	Good	f	f	f	1-7	1
8	Good	f	f	f	1-8	1
9	Good	f	f	f	1-9	1
10	Good	f	f	f	1-10	1
14	Good	f	f	f	2-4	2
15	Good	f	f	f	2-5	2
16	Good	f	f	f	2-6	2
17	Good	f	f	f	2-7	2
18	Good	f	f	f	2-8	2
19	Good	f	f	f	2-9	2
20	Good	f	f	f	2-10	2
21	Good	f	f	f	3-1	3
22	Good	f	f	f	3-2	3
23	Good	f	f	f	3-3	3
24	Good	f	f	f	3-4	3
25	Good	f	f	f	3-5	3
26	Good	f	f	f	3-6	3
27	Good	f	f	f	3-7	3
28	Good	f	f	f	3-8	3
29	Good	f	f	f	3-9	3
30	Good	f	f	f	3-10	3
32	Good	f	f	f	4-2	4
33	Good	f	f	f	4-3	4
35	Good	f	f	f	4-5	4
36	Good	f	f	f	4-6	4
37	Good	f	f	f	4-7	4
38	Good	f	f	f	4-8	4
39	Good	f	f	f	4-9	4
40	Good	f	f	f	4-10	4
41	Good	f	f	f	5-1	5
43	Good	f	f	f	5-3	5
44	Good	f	f	f	5-4	5
45	Good	f	f	f	5-5	5
46	Good	f	f	f	5-6	5
47	Good	f	f	f	5-7	5
48	Good	f	f	f	5-8	5
49	Good	f	f	f	5-9	5
51	Good	f	f	f	6-1	6
52	Good	f	f	f	6-2	6
53	Good	f	f	f	6-3	6
54	Good	f	f	f	6-4	6
55	Good	f	f	f	6-5	6
56	Good	f	f	f	6-6	6
57	Good	f	f	f	6-7	6
58	Good	f	f	f	6-8	6
59	Good	f	f	f	6-9	6
60	Good	f	f	f	6-10	6
61	Good	f	f	f	7-1	7
62	Good	f	f	f	7-2	7
63	Good	f	f	f	7-3	7
65	Good	f	f	f	7-5	7
66	Good	f	f	f	7-6	7
67	Good	f	f	f	7-7	7
68	Good	f	f	f	7-8	7
69	Good	f	f	f	7-9	7
70	Good	f	f	f	7-10	7
71	Good	f	f	f	8-1	8
72	Good	f	f	f	8-2	8
73	Good	f	f	f	8-3	8
74	Good	f	f	f	8-4	8
75	Good	f	f	f	8-5	8
76	Good	f	f	f	8-6	8
77	Good	f	f	f	8-7	8
78	Good	f	f	f	8-8	8
79	Good	f	f	f	8-9	8
80	Good	f	f	f	8-10	8
81	Good	f	f	f	9-1	9
82	Good	f	f	f	9-2	9
83	Good	f	f	f	9-3	9
84	Good	f	f	f	9-4	9
85	Good	f	f	f	9-5	9
86	Good	f	f	f	9-6	9
87	Good	f	f	f	9-7	9
88	Good	f	f	f	9-8	9
89	Good	f	f	f	9-9	9
90	Good	f	f	f	9-10	9
93	Good	f	f	f	10-3	10
94	Good	f	f	f	10-4	10
95	Good	f	f	f	10-5	10
96	Good	f	f	f	10-6	10
97	Good	f	f	f	10-7	10
98	Good	f	f	f	10-8	10
99	Good	f	f	f	10-9	10
100	Good	f	f	f	10-10	10
101	Good	f	f	f	11-1	11
102	Good	f	f	f	11-2	11
103	Good	f	f	f	11-3	11
104	Good	f	f	f	11-4	11
105	Good	f	f	f	11-5	11
106	Good	f	f	f	11-6	11
107	Good	f	f	f	11-7	11
108	Good	f	f	f	11-8	11
109	Good	f	f	f	11-9	11
110	Good	f	f	f	11-10	11
113	Good	f	f	f	12-3	12
114	Good	f	f	f	12-4	12
115	Good	f	f	f	12-5	12
116	Good	f	f	f	12-6	12
117	Good	f	f	f	12-7	12
118	Good	f	f	f	12-8	12
119	Good	f	f	f	12-9	12
120	Good	f	f	f	12-10	12
121	Good	f	f	f	13-1	13
122	Good	f	f	f	13-2	13
123	Good	f	f	f	13-3	13
124	Good	f	f	f	13-4	13
125	Good	f	f	f	13-5	13
126	Good	f	f	f	13-6	13
127	Good	f	f	f	13-7	13
128	Good	f	f	f	13-8	13
129	Good	f	f	f	13-9	13
130	Good	f	f	f	13-10	13
131	Good	f	f	f	14-1	14
132	Good	f	f	f	14-2	14
133	Good	f	f	f	14-3	14
134	Good	f	f	f	14-4	14
135	Good	f	f	f	14-5	14
136	Good	f	f	f	14-6	14
64	Good	f	t	f	7-4	7
34	Good	f	t	f	4-4	4
42	Good	f	t	f	5-2	5
50	Good	f	f	t	5-10	5
31	Lost	f	t	t	4-1	4
11	Acceptable	f	f	t	2-1	2
13	Good	f	t	f	2-3	2
91	Good	f	t	f	10-1	10
92	Good	f	t	f	10-2	10
137	Good	f	f	f	14-7	14
138	Good	f	f	f	14-8	14
139	Good	f	f	f	14-9	14
140	Good	f	f	f	14-10	14
141	Good	f	f	f	15-1	15
142	Good	f	f	f	15-2	15
143	Good	f	f	f	15-3	15
144	Good	f	f	f	15-4	15
145	Good	f	f	f	15-5	15
146	Good	f	f	f	15-6	15
147	Good	f	f	f	15-7	15
148	Good	f	f	f	15-8	15
149	Good	f	f	f	15-9	15
150	Good	f	f	f	15-10	15
151	Good	f	f	f	16-1	16
152	Good	f	f	f	16-2	16
153	Good	f	f	f	16-3	16
154	Good	f	f	f	16-4	16
155	Good	f	f	f	16-5	16
156	Good	f	f	f	16-6	16
157	Good	f	f	f	16-7	16
158	Good	f	f	f	16-8	16
159	Good	f	f	f	16-9	16
160	Good	f	f	f	16-10	16
161	Good	f	f	f	17-1	17
162	Good	f	f	f	17-2	17
163	Good	f	f	f	17-3	17
164	Good	f	f	f	17-4	17
165	Good	f	f	f	17-5	17
166	Good	f	f	f	17-6	17
167	Good	f	f	f	17-7	17
168	Good	f	f	f	17-8	17
169	Good	f	f	f	17-9	17
170	Good	f	f	f	17-10	17
171	Good	f	f	f	18-1	18
172	Good	f	f	f	18-2	18
173	Good	f	f	f	18-3	18
174	Good	f	f	f	18-4	18
175	Good	f	f	f	18-5	18
176	Good	f	f	f	18-6	18
177	Good	f	f	f	18-7	18
178	Good	f	f	f	18-8	18
179	Good	f	f	f	18-9	18
180	Good	f	f	f	18-10	18
181	Good	f	f	f	19-1	19
182	Good	f	f	f	19-2	19
183	Good	f	f	f	19-3	19
184	Good	f	f	f	19-4	19
185	Good	f	f	f	19-5	19
186	Good	f	f	f	19-6	19
187	Good	f	f	f	19-7	19
188	Good	f	f	f	19-8	19
189	Good	f	f	f	19-9	19
190	Good	f	f	f	19-10	19
191	Good	f	f	f	20-1	20
192	Good	f	f	f	20-2	20
193	Good	f	f	f	20-3	20
194	Good	f	f	f	20-4	20
195	Good	f	f	f	20-5	20
196	Good	f	f	f	20-6	20
197	Good	f	f	f	20-7	20
198	Good	f	f	f	20-8	20
199	Good	f	f	f	20-9	20
200	Good	f	f	f	20-10	20
201	Good	f	f	f	21-1	21
202	Good	f	f	f	21-2	21
203	Good	f	f	f	21-3	21
204	Good	f	f	f	21-4	21
205	Good	f	f	f	21-5	21
206	Good	f	f	f	21-6	21
207	Good	f	f	f	21-7	21
208	Good	f	f	f	21-8	21
209	Good	f	f	f	21-9	21
210	Good	f	f	f	21-10	21
211	Good	f	f	f	22-1	22
212	Good	f	f	f	22-2	22
213	Good	f	f	f	22-3	22
214	Good	f	f	f	22-4	22
215	Good	f	f	f	22-5	22
216	Good	f	f	f	22-6	22
217	Good	f	f	f	22-7	22
218	Good	f	f	f	22-8	22
219	Good	f	f	f	22-9	22
220	Good	f	f	f	22-10	22
221	Good	f	f	f	23-1	23
222	Good	f	f	f	23-2	23
223	Good	f	f	f	23-3	23
224	Good	f	f	f	23-4	23
225	Good	f	f	f	23-5	23
226	Good	f	f	f	23-6	23
227	Good	f	f	f	23-7	23
228	Good	f	f	f	23-8	23
229	Good	f	f	f	23-9	23
230	Good	f	f	f	23-10	23
231	Good	f	f	f	24-1	24
232	Good	f	f	f	24-2	24
233	Good	f	f	f	24-3	24
234	Good	f	f	f	24-4	24
235	Good	f	f	f	24-5	24
236	Good	f	f	f	24-6	24
237	Good	f	f	f	24-7	24
238	Good	f	f	f	24-8	24
239	Good	f	f	f	24-9	24
240	Good	f	f	f	24-10	24
241	Good	f	f	f	25-1	25
242	Good	f	f	f	25-2	25
243	Good	f	f	f	25-3	25
244	Good	f	f	f	25-4	25
245	Good	f	f	f	25-5	25
246	Good	f	f	f	25-6	25
247	Good	f	f	f	25-7	25
248	Good	f	f	f	25-8	25
249	Good	f	f	f	25-9	25
250	Good	f	f	f	25-10	25
251	Good	f	f	f	26-1	26
252	Good	f	f	f	26-2	26
253	Good	f	f	f	26-3	26
254	Good	f	f	f	26-4	26
255	Good	f	f	f	26-5	26
256	Good	f	f	f	26-6	26
257	Good	f	f	f	26-7	26
258	Good	f	f	f	26-8	26
259	Good	f	f	f	26-9	26
260	Good	f	f	f	26-10	26
261	Good	f	f	f	27-1	27
262	Good	f	f	f	27-2	27
263	Good	f	f	f	27-3	27
264	Good	f	f	f	27-4	27
265	Good	f	f	f	27-5	27
266	Good	f	f	f	27-6	27
267	Good	f	f	f	27-7	27
268	Good	f	f	f	27-8	27
269	Good	f	f	f	27-9	27
270	Good	f	f	f	27-10	27
271	Good	f	f	f	28-1	28
272	Good	f	f	f	28-2	28
273	Good	f	f	f	28-3	28
274	Good	f	f	f	28-4	28
275	Good	f	f	f	28-5	28
276	Good	f	f	f	28-6	28
277	Good	f	f	f	28-7	28
278	Good	f	f	f	28-8	28
279	Good	f	f	f	28-9	28
280	Good	f	f	f	28-10	28
281	Good	f	f	f	29-1	29
282	Good	f	f	f	29-2	29
283	Good	f	f	f	29-3	29
284	Good	f	f	f	29-4	29
285	Good	f	f	f	29-5	29
286	Good	f	f	f	29-6	29
287	Good	f	f	f	29-7	29
288	Good	f	f	f	29-8	29
289	Good	f	f	f	29-9	29
290	Good	f	f	f	29-10	29
291	Good	f	f	f	30-1	30
292	Good	f	f	f	30-2	30
293	Good	f	f	f	30-3	30
294	Good	f	f	f	30-4	30
295	Good	f	f	f	30-5	30
296	Good	f	f	f	30-6	30
297	Good	f	f	f	30-7	30
298	Good	f	f	f	30-8	30
299	Good	f	f	f	30-9	30
300	Good	f	f	f	30-10	30
301	Good	f	f	f	27-11	27
302	Good	f	f	f	27-12	27
111	Good	f	t	f	12-1	12
112	Good	f	t	f	12-2	12
303	Good	f	f	f	2-11	2
304	Good	f	f	f	2-12	2
12	Acceptable	f	f	t	2-2	2
\.


--
-- Data for Name: inventory_itemprofiling; Type: TABLE DATA; Schema: public; Owner: postgres
--

COPY public.inventory_itemprofiling (id, name, returnable, description, image, "isDeleted", category_id) FROM stdin;
1	Kitchen(popular)	f	\N	default.png	f	1
2	Clothing(building)	t	\N	default.png	f	1
3	Books(eye)	f	\N	default.png	f	1
4	Toys(company)	t	\N	default.png	f	1
5	Toys(five)	t	\N	default.png	f	1
6	Clothing(who)	f	\N	default.png	f	2
7	Clothing(let)	t	\N	default.png	f	2
8	Clothing(create)	f	\N	default.png	f	2
9	Tech(trade)	t	\N	default.png	f	2
10	Kitchen(machine)	t	\N	default.png	f	2
11	Electronics(set)	f	\N	default.png	f	3
12	Tech(major)	t	\N	default.png	f	3
13	Clothing(sit)	f	\N	default.png	f	3
14	Clothing(around)	f	\N	default.png	f	3
15	Tech(friend)	f	\N	default.png	f	3
16	Toys(sing)	f	\N	default.png	f	4
17	Toys(house)	f	\N	default.png	f	4
18	Toys(practice)	f	\N	default.png	f	4
19	Books(building)	f	\N	default.png	f	4
20	Kitchen(they)	f	\N	default.png	f	4
21	Toys(human)	t	\N	default.png	f	5
22	Electronics(director)	f	\N	default.png	f	5
23	Books(home)	f	\N	default.png	f	5
24	Toys(day)	f	\N	default.png	f	5
25	Clothing(consumer)	f	\N	default.png	f	5
26	Electronics(all)	t	\N	default.png	f	6
27	Books(student)	t	\N	default.png	f	6
28	Books(including)	f	\N	default.png	f	6
29	Electronics(free)	t	\N	default.png	f	6
30	Tech(food)	f	\N	default.png	f	6
\.


--
-- Data for Name: posts_post; Type: TABLE DATA; Schema: public; Owner: postgres
--

COPY public.posts_post (id, category, message, title, images, views, status, created_at, author_id) FROM stdin;
1	Regular	sdasdasdas	dad	post_images/1713937268936_skeleton.gif	0	Pending	2024-04-24 13:41:09.976008+08	1
2	Regular	dasdadadasdasd	asdas		0	Completed	2024-04-29 14:38:54.40332+08	1
4	Regular	asdasdasdas	sdasd	post_images/1714375931119_4a7b64475d9a6296867a3dd133b53e215adeeb5e9406737c47405b848fdb0057.jpg	0	Completed	2024-04-29 15:32:14.010637+08	1
5	Announcements	asdasdasdasd	asdad	post_images/1714376085336_4a7b64475d9a6296867a3dd133b53e215adeeb5e9406737c47405b848fdb0057.jpg	0	Accepted	2024-04-29 15:34:46.595311+08	1
3	Regular	teteqadsa	adsad	post_images/1714375925401_4a7b64475d9a6296867a3dd133b53e215adeeb5e9406737c47405b848fdb0057.jpg	0	Completed	2024-04-29 15:32:07.434775+08	1
6	Regular	asdasdasdas	asdadasd	post_images/1714376475734_4a7b64475d9a6296867a3dd133b53e215adeeb5e9406737c47405b848fdb0057.jpg	0	Completed	2024-04-29 15:41:17.480775+08	1
7	Regular	dasdasdas	dasdasd	post_images/1714376581659_4a7b64475d9a6296867a3dd133b53e215adeeb5e9406737c47405b848fdb0057.jpg	0	Completed	2024-04-29 15:43:02.419291+08	1
8	Regular	dasdasd	dasdas	post_images/1714376689717_4a7b64475d9a6296867a3dd133b53e215adeeb5e9406737c47405b848fdb0057.jpg	0	Completed	2024-04-29 15:44:50.412001+08	1
9	Regular	asdasdasd	adasdasd	post_images/1714395675683_4a7b64475d9a6296867a3dd133b53e215adeeb5e9406737c47405b848fdb0057.jpg	0	Accepted	2024-04-29 21:01:16.651131+08	1
10	Regular	asdadasd	asdad	post_images/1714395802818_cat-cat-lick.gif	0	Accepted	2024-04-29 21:03:25.913383+08	1
11	Regular	asdasd	ddasdasd	post_images/1714396085842_catmew.jpg	0	Accepted	2024-04-29 21:08:09.236429+08	1
12	Announcements	Free DogFree DogFree DogFree DogFree DogFree DogFree DogFree DogFree DogFree DogFree DogFree DogFree DogFree DogFree DogFree DogFree DogFree DogFree DogFree DogFree DogFree DogFree DogFree DogFree DogFree DogFree DogFree DogFree DogFree DogFree DogFree DogFree DogFree DogFree DogFree DogFree DogFree DogFree DogFree DogFree DogFree Dog	Free Dog	post_images/1714396235813_catmew.jpg	0	Accepted	2024-04-29 21:10:45.245179+08	1
13	Regular	dasdasdasdasdada	asdasdasdasdasdasdasdasdasdasdasdasdasdasdasdasdasdasdasdasdasdasdasdasdasdasdasdasdasdasdasdasdasdasdasdasdasdasdasdasdasdasdasdasdasdasdasdasdasdasdasdasdasdasdasdasdasdasdasdasdasdasdasdasdasdasdasdasdasd	post_images/1714396899452_catmew.jpg	0	Accepted	2024-04-29 21:21:40.563851+08	1
\.


--
-- Data for Name: transactions_inquiry; Type: TABLE DATA; Schema: public; Owner: postgres
--

COPY public.transactions_inquiry (id, message, inquiry_type, status, date_preferred, date_created, status_updated_at, reply, inquirer_id, post_id) FROM stdin;
12	aasdasdasd	Donation	Processed	2024-04-18	2024-04-29 15:45:01.841187+08	2024-04-29 15:45:21.589708+08	asdadasdadadsd	1	8
1	asdasdsad	Donation	Rejected	2024-04-21	2024-04-24 13:41:23.830664+08	2024-04-29 14:30:19.707641+08		1	\N
2	dasdasdasdas	Donation	Processed	2024-04-04	2024-04-29 14:39:18.586643+08	2024-04-29 14:40:05.657975+08	ok go	1	2
3	asdadsa	Donation	Accepted	2024-04-13	2024-04-29 15:26:12.332929+08	2024-04-29 15:26:17.287429+08	dasdadas	1	\N
13	dasdsa	Reservation	Processed	2024-04-18	2024-04-30 23:41:39.705502+08	2024-04-30 23:47:43.477973+08	asdasdadadasdasaddasdasdas	1	\N
5	adsdasdad	Donation	Accepted	2024-04-19	2024-04-29 15:27:09.721348+08	2024-04-29 15:27:29.301848+08		1	\N
4	dadasdasd	Donation	Accepted	2024-04-12	2024-04-29 15:27:06.905202+08	2024-04-29 15:28:29.846457+08	asdadasdadasdadasdadasdadasdadasdadasdadasdadasdadasdadasdadasdadasdad	1	\N
6	asdadasd	Donation	Accepted	2024-04-13	2024-04-29 15:30:07.51113+08	2024-04-29 15:30:11.906791+08	asdasdasdasdasd	1	\N
7	sddasda	Donation	Accepted	2024-04-12	2024-04-29 15:30:39.095784+08	2024-04-29 15:30:46.02965+08	dadasdasddadasdasddadasdasddadasdasddadasdasddadasdasddadasdasddadasdasddadasdasddadasdasddadasdasddadasdasddadasdasddadasdasddadasdasddadasdasddadasdasddadasdasddadasdasddadasdasddadasdasddadasdasddadasdasddadasdasddadasdasddadasdasddadasdasddadasdasddadasdasddadasdasddadasdasddadasdasddadasdasddadasdasddadasdasddadasdasddadasdasddadasdasddadasdasddadasdasddadasdasddadasdasddadasdasddadasdasddadasdasddadasdasddadasdasddadasdasddadasdasddadasdasddadasdasddadasdasddadasdasddadasdasddadasdasddadasdasddadasdasddadasdasddadasdasddadasdasddadasdasddadasdasddadasdasddadasdasddadasdasddadasdasddadasdasddadasdasddadasdasddadasdasddadasdasddadasdasddadasdasddadasdasddadasdasddadasdasddadasdasddadasdasddadasdasddadasdasddadasdasddadasdasddadasdasddadasdasddadasdasddadasdasddadasdasddadasdasddadasdasddadasdasddadasdasddadasdasddadasdasddadasdasddadasdasddadasdasddadasdasddadasdasddadasdasddadasdasddadasdasddadasdasddadasdasddadasdasddadasdasddadasdasddadasdasddadasdasddadasdasddadasdasddadasdasddadasdasddadasdasddadasdasddadasdasddadasdasddadasdasddadasdasddadasdasddadasdasddadasdasddadasdasddadasdasddadasdasddadasdasddadasdasddadasdasddadasdasddadasdasddadasdasddadasdasddadasdasddadasdasddadasdasddadasdasddadasdasddadasdasddadasdasddadasdasddadasdasddadasdasddadasdasddadasdasddadasdasddadasdasddadasdasddadasdasddadasdasddadasdasddadasdasddadasdasddadasdasddadasdasd	1	\N
8	dasdadasdasd	Donation	Processed	2024-04-26	2024-04-29 15:32:36.827655+08	2024-04-29 15:33:12.089166+08	asdadsadasdasdsadassasdasda	1	4
15	adasd	Reservation	Processed	2024-04-26	2024-04-30 23:49:10.91329+08	2024-04-30 23:49:57.710525+08	asdadadas	1	\N
9	dasdasdasdasd	Donation	Processed	2024-04-25	2024-04-29 15:36:46.836325+08	2024-04-29 15:37:29.761613+08	asdaadsadadadas	1	3
14	asdasda	Reservation	Processed	2024-04-13	2024-04-30 23:48:57.94534+08	2024-04-30 23:50:20.251969+08	okok	1	\N
10	adadas	Donation	Processed	2024-04-23	2024-04-29 15:41:31.177689+08	2024-04-29 15:41:58.397952+08	asdadasdasd	1	6
11	asdadasd	Donation	Processed	2024-04-19	2024-04-29 15:43:26.118236+08	2024-04-29 15:43:55.942844+08	asdasasdas	1	7
\.


--
-- Data for Name: transactions_inquiryreply; Type: TABLE DATA; Schema: public; Owner: postgres
--

COPY public.transactions_inquiryreply (id, message) FROM stdin;
\.


--
-- Data for Name: transactions_reserveditem; Type: TABLE DATA; Schema: public; Owner: postgres
--

COPY public.transactions_reserveditem (id, quantity, inquiry_id, inventory_id, item_id) FROM stdin;
1	1	13	\N	91
2	1	14	\N	92
3	1	15	11	\N
\.


--
-- Data for Name: transactions_transaction; Type: TABLE DATA; Schema: public; Owner: postgres
--

COPY public.transactions_transaction (id, date_created, transaction_type, remarks, is_active, return_date, inquiry_id, participant_id) FROM stdin;
1	2024-04-29 14:40:01.401988+08	Donation	asdas	f	\N	2	1
2	2024-04-29 14:46:19.810708+08	Release	dasdadasda	t	2024-05-10	\N	12
3	2024-04-29 14:46:30.592528+08	Donation	asdasd	f	\N	\N	1
4	2024-04-29 14:49:33.568195+08	Donation		f	\N	\N	6
5	2024-04-29 14:50:14.749007+08	Donation		f	\N	\N	7
6	2024-04-29 14:50:42.034309+08	Donation		f	\N	\N	6
7	2024-04-29 14:51:06.16532+08	Donation		f	\N	\N	5
8	2024-04-29 15:00:33.678075+08	Donation		f	\N	\N	6
9	2024-04-29 15:01:06.307718+08	Donation		f	\N	\N	6
10	2024-04-29 15:03:20.871473+08	Donation		f	\N	\N	1
11	2024-04-29 15:03:27.111455+08	Donation		f	\N	\N	3
12	2024-04-29 15:07:32.091886+08	Donation		f	\N	\N	1
13	2024-04-29 15:11:01.972091+08	Release	adsdas	t	2024-05-03	\N	4
14	2024-04-29 15:14:43.054977+08	Release	dasdasa	t	2024-05-10	\N	6
15	2024-04-29 15:15:10.163662+08	Release	ads	t	2024-05-01	\N	4
18	2024-04-29 15:17:34.518891+08	Release	asdadsa	f	2024-05-10	\N	6
17	2024-04-29 15:17:21.435015+08	Release	asdadasd	f	2024-05-09	\N	4
16	2024-04-29 15:16:41.167892+08	Release	asdadsada	f	2024-05-04	\N	5
19	2024-04-29 15:33:08.310993+08	Donation	asdadas	f	\N	8	1
20	2024-04-29 15:36:30.214183+08	Donation	asdadasdada	f	\N	7	1
21	2024-04-29 15:37:25.653163+08	Donation	asdasd	f	\N	9	1
22	2024-04-29 15:41:53.889731+08	Donation	adadasd	f	\N	10	1
23	2024-04-29 15:43:51.420501+08	Donation		f	\N	11	1
24	2024-04-29 15:45:17.284138+08	Donation	adasd	f	\N	12	1
25	2024-04-30 23:47:01.905452+08	Release	asdasdasd	t	2024-05-03	\N	1
26	2024-04-30 23:47:47.749494+08	Release		t	2024-05-10	13	1
27	2024-04-30 23:50:01.70318+08	Release	adadada	f	2024-05-09	15	1
28	2024-04-30 23:50:24.311424+08	Release	adasdasdd	t	2024-05-09	14	1
29	2024-04-30 23:51:56.072826+08	Release	adsa	f	2024-05-02	\N	1
\.


--
-- Data for Name: transactions_transactionitem; Type: TABLE DATA; Schema: public; Owner: postgres
--

COPY public.transactions_transactionitem (id, quantity, return_date, status, condition, inventory_id, item_id, transaction_id) FROM stdin;
1	1	\N	\N	\N	19	\N	1
2	1	\N	\N	\N	23	\N	1
3	1	\N	\N	\N	19	\N	1
4	1	\N	\N	\N	23	\N	1
5	1	\N	\N	Good	\N	301	1
6	1	\N	\N	Good	\N	302	1
7	1	\N	Active	\N	\N	111	2
8	1	\N	Active	\N	\N	112	2
9	1	\N	\N	Good	\N	303	3
10	1	\N	\N	\N	14	\N	4
11	1	\N	\N	\N	25	\N	5
12	1	\N	\N	Good	\N	304	6
13	1	\N	\N	\N	25	\N	7
14	1	\N	\N	\N	14	\N	8
15	1	\N	\N	\N	25	\N	9
16	1	\N	\N	\N	14	\N	10
17	1	\N	\N	\N	8	\N	11
18	1	\N	\N	\N	8	\N	12
19	1	\N	Active	\N	\N	64	13
20	1	\N	Active	\N	\N	34	14
21	1	\N	Active	\N	\N	42	15
26	10	\N	Consumable	\N	1	\N	18
24	1	2024-04-29	Returned	Acceptable	\N	11	18
25	1	2024-04-29	Returned	Acceptable	\N	12	18
23	1	2024-04-29	Lost	Lost	\N	31	17
22	1	2024-04-29	Returned	Good	\N	50	16
27	1	\N	\N	\N	25	\N	19
28	1	\N	\N	\N	19	\N	20
29	1	\N	\N	\N	28	\N	21
30	1	\N	\N	\N	19	\N	22
31	1	\N	\N	\N	3	\N	22
32	1	\N	\N	\N	19	\N	23
33	1	\N	\N	\N	3	\N	23
34	1	\N	\N	\N	19	\N	24
35	1	\N	\N	\N	3	\N	24
36	1	\N	Active	\N	\N	13	25
37	1	\N	Active	\N	\N	91	26
38	1	\N	Consumable	\N	11	\N	27
39	1	\N	Active	\N	\N	92	28
40	1	\N	Consumable	\N	8	\N	29
\.


--
-- Data for Name: users_department; Type: TABLE DATA; Schema: public; Owner: postgres
--

COPY public.users_department (id, name) FROM stdin;
5	dasasdsa
6	asdasdasd
7	asdadsa
8	fsdfsd
\.


--
-- Data for Name: users_staff; Type: TABLE DATA; Schema: public; Owner: postgres
--

COPY public.users_staff (user_id, "position", date_hired) FROM stdin;
1	Director	2024-04-24 00:00:00+08
\.


--
-- Data for Name: users_user; Type: TABLE DATA; Schema: public; Owner: postgres
--

COPY public.users_user (password, last_login, is_superuser, user_id, first_name, last_name, email, contact, bio, avatar, date_joined, enable_notifications, is_staff, department_id) FROM stdin;
	\N	f	17	Rodney	Reynolds	user16@example.com	571.600.4878x5…	Subject man there especially add wear win. Charge learn program western up same. Policy record space inside local.	public/default.png	2023-08-03 13:25:54+08	t	f	\N
	\N	f	2	Daniel	Young	user1@example.com	(651)876-0632	Enjoy military vote art indicate attack dinner. Father financial beyond score strong participant. Purpose situation different author.	public/default.png	2020-05-08 23:35:24+08	t	f	\N
	\N	f	3	Joshua	Shaw	user2@example.com	001-569-714-09…	History people appear throw. Investment clear head on fight.	public/default.png	2020-05-04 16:18:26+08	t	f	\N
	\N	f	4	Deborah	Reed	user3@example.com	(997)853-2692	Value clear daughter interesting. Every born once maybe but. Coach significant be approach role off.	public/default.png	2021-02-03 06:06:30+08	t	f	\N
	\N	f	5	Kristie	Moreno	user4@example.com	+1-589-349-365…	Perhaps town happy fight. Travel attention writer less.	public/default.png	2020-07-30 11:19:17+08	t	f	\N
	\N	f	6	Derek	York	user5@example.com	469-848-5506x4…	The expert sell always charge television cup. Their report example candidate open identify.	public/default.png	2020-11-26 18:36:47+08	t	f	\N
	\N	f	7	Joshua	Gaines	user6@example.com	203-744-1121x1…	Serve fall record item role cost. Same statement section talk outside federal main. Class space up make.	public/default.png	2022-08-12 19:51:16+08	t	f	\N
	\N	f	8	Michael	Johnson	user7@example.com	327-860-9116	Prove born test during.	public/default.png	2020-04-03 02:52:26+08	t	f	\N
	\N	f	9	Jennifer	Moyer	user8@example.com	001-817-811-26…	Strong color front find present play. Culture industry within then available compare ready. Program anything during inside.	public/default.png	2021-02-27 16:51:40+08	t	f	\N
	\N	f	10	April	Brown	user9@example.com	915-699-6350x8…	We spring yard reality ground kind third. These brother continue red. Because occur American.	public/default.png	2022-02-04 08:38:11+08	t	f	\N
	\N	f	11	Adam	Richards	user10@example.com	265.756.6483x5…	Gas someone bad at nor fact forward. Such administration set improve author cause then. Money mother bit.	public/default.png	2021-06-12 12:30:42+08	t	f	\N
	\N	f	12	Michael	Carr	user11@example.com	485.512.7661x8…	Stay environment growth campaign. Couple for century involve choice security ever force. Say describe soldier side whatever democratic since. Pressure stage whatever professional will think true.	public/default.png	2022-01-07 12:03:19+08	t	f	\N
	\N	f	13	Bridget	Burke	user12@example.com	001-314-934-73…	Human letter his everybody anyone.	public/default.png	2022-08-25 01:50:47+08	t	f	\N
	\N	f	14	Matthew	Guerra	user13@example.com	466-297-4523	Floor wall strong more.	public/default.png	2021-07-14 05:30:24+08	t	f	\N
	\N	f	15	Amy	Mendoza	user14@example.com	001-755-837-60…	Wide any perhaps. Fine some who smile thought expect.	public/default.png	2023-11-04 12:02:22+08	t	f	\N
	\N	f	16	Jeremy	Edwards	user15@example.com	4135057282	Year than kind across guess health ball. Edge week power series successful. Yet read along actually until argue especially speech. Yet fly weight drop glass finish.	public/default.png	2021-11-15 19:12:12+08	t	f	\N
	\N	f	18	Whitney	Jones	user17@example.com	637.733.6822x5…	Result yeah participant in.	public/default.png	2021-01-25 10:58:14+08	t	f	\N
	\N	f	19	Misty	Hoffman	user18@example.com	001-492-487-10…	Agree similar let face say top. Democratic particularly what tree opportunity property.	public/default.png	2021-06-20 10:43:14+08	t	f	\N
	\N	f	20	John	Brown	user19@example.com	+1-343-643-376…	And building radio television box. Painting adult region report tough.	public/default.png	2022-02-21 19:48:20+08	t	f	\N
	\N	f	21	Gabriel	Roach	user20@example.com	754-218-3093x5…	Discussion ready minute. Near some determine subject letter bring.	public/default.png	2022-01-15 15:26:44+08	t	f	\N
	\N	f	22	Sonya	Cole	user21@example.com	621-892-0775x5…	Animal in member support determine. Computer many situation general increase current. Big whatever help clearly fund professional choose.	public/default.png	2021-03-26 11:15:29+08	t	f	\N
	\N	f	23	Tony	Waters	user22@example.com	5567799552	Rate message large tonight final give. Own though stand word. Information surface they person involve them.	public/default.png	2022-11-27 12:04:07+08	t	f	\N
	\N	f	24	Brianna	Johnson	user23@example.com	(425)945-8018x…	Strategy their economy site ten order type. Several cell movie almost father.	public/default.png	2024-01-29 23:50:50+08	t	f	\N
	\N	f	25	Andrew	Martinez	user24@example.com	+1-860-982-135…	Skill cell happy who sense president seek professional. Computer interest memory media central.	public/default.png	2022-10-06 09:39:30+08	t	f	\N
	\N	f	26	Devon	Marshall	user25@example.com	846.939.9123	If yourself Republican score. Degree director head cold individual. Article success draw certain worry window high build.	public/default.png	2020-08-01 15:13:02+08	t	f	\N
	\N	f	27	Robert	Hardy	user26@example.com	4788217197	Maybe machine citizen floor. Option vote power.	public/default.png	2023-04-13 05:22:07+08	t	f	\N
	\N	f	28	Pamela	Moore	user27@example.com	(340)422-1780	Away important teacher far stock. Always section small well. Indicate consider certain push major mind century.	public/default.png	2022-03-24 12:37:51+08	t	f	\N
	\N	f	29	Timothy	Cooley	user28@example.com	336-736-2496	Service oil protect land. Lot man rule son four five.	public/default.png	2021-09-06 05:38:29+08	t	f	\N
	\N	f	30	Taylor	Macias	user29@example.com	(673)680-2343x…	Along he different hear stock night. Series wall per maybe rich. Training look investment prevent.	public/default.png	2020-12-05 13:22:26+08	t	f	\N
	\N	f	31	Thomas	Morales	user30@example.com	001-273-705-30…	Seem try class. Finally population plant language fire. Party including he cell law site public oil.	public/default.png	2022-10-24 17:02:34+08	t	f	\N
	\N	f	32	Ashlee	Holmes	user31@example.com	5097722071	What air evening real read specific. Debate machine others. Method fight subject. Catch never animal avoid themselves if unit.	public/default.png	2022-10-14 14:37:57+08	t	f	\N
	\N	f	33	Jonathan	Taylor	user32@example.com	701-691-4905x6…	Director use appear great until. Less manage simply nothing ago.	public/default.png	2024-01-07 21:52:58+08	t	f	\N
	\N	f	34	Kayla	Hill	user33@example.com	+1-510-463-244…	People compare account what become performance movement. Interview air assume. Which fill population lot free quality.	public/default.png	2021-06-11 19:25:22+08	t	f	\N
	\N	f	35	Christopher	Burton	user34@example.com	(702)707-5774x…	Meeting religious space system plant. East them want lawyer east. About one no around sign.	public/default.png	2022-09-01 07:36:44+08	t	f	\N
	\N	f	36	Sean	Stewart	user35@example.com	(671)400-5824	Make send sit clearly move skin high book. Try color response Mrs traditional already. Feel far mind.	public/default.png	2021-02-28 05:57:54+08	t	f	\N
	\N	f	37	Haley	Baker	user36@example.com	897.931.0798x2…	Son discuss along agree add score.	public/default.png	2020-09-19 20:13:17+08	t	f	\N
	\N	f	38	Ryan	Adams	user37@example.com	456.846.3826	Mother soon environment home campaign. Organization forward court different sign.	public/default.png	2024-04-02 13:17:42+08	t	f	\N
	\N	f	39	David	Scott	user38@example.com	001-451-826-36…	Commercial soldier media. Strong sometimes get task particular edge expect. Thus relate generation similar.	public/default.png	2020-09-05 03:35:51+08	t	f	\N
	\N	f	40	Keith	Gates	user39@example.com	(815)746-7514x…	And day white source protect agent. Officer interesting travel. Than network of.	public/default.png	2023-02-18 01:34:57+08	t	f	\N
	\N	f	41	Erik	Lewis	user40@example.com	985.250.0567x2…	Skill family fly lead better. Picture product century everything guess eye.	public/default.png	2021-09-26 03:25:44+08	t	f	\N
	\N	f	42	Sandra	Anderson	user41@example.com	(832)310-7936x…	Concern fish western end health college ball. Listen cut social good million. Because north no.	public/default.png	2023-04-20 06:53:08+08	t	f	\N
	\N	f	43	Adrienne	Cervantes	user42@example.com	2459585670	Note away rest road laugh decide toward city. Push receive ok detail visit wall oil. Once chair reflect anyone whether Democrat development.	public/default.png	2023-06-18 13:21:39+08	t	f	\N
	\N	f	44	Ian	Lewis	user43@example.com	001-577-777-01…	Professional surface finish thousand. Pick character result positive us much cell agent.	public/default.png	2020-09-29 13:47:11+08	t	f	\N
	\N	f	45	Paul	Bell	user44@example.com	001-700-771-01…	Activity risk cup water table. Unit case measure a home situation.	public/default.png	2021-09-23 05:30:13+08	t	f	\N
	\N	f	46	Derek	Weaver	user45@example.com	4448110833	Several grow trouble long play. Say against house art detail.	public/default.png	2021-10-17 20:43:16+08	t	f	\N
	\N	f	47	John	Conway	user46@example.com	001-304-996-60…	Instead couple clearly statement forward tax fly. Weight test effort dog enter example Mrs. Think cold religious without parent wind.	public/default.png	2020-10-10 03:16:51+08	t	f	\N
	\N	f	48	Jacob	Santos	user47@example.com	8147862809	Part friend white recent thousand rich. Morning point when condition. Act defense home that group prepare paper direction. Drop either her large computer exist.	public/default.png	2023-03-10 11:27:58+08	t	f	\N
	\N	f	49	Audrey	Cole	user48@example.com	805-328-6967	Onto rock deep candidate. Support tough share. Meet other southern responsibility short.	public/default.png	2024-03-15 10:32:18+08	t	f	\N
	\N	f	50	Philip	Gonzalez	user49@example.com	(959)720-2105x…	Somebody campaign benefit official. Tend certain husband protect particularly attorney stop serve. Mr nearly even reflect.	public/default.png	2021-08-12 19:58:22+08	t	f	\N
	\N	f	51	Carrie	Trujillo	user50@example.com	(383)713-3367x…	Probably hour industry people always against over care. Happy manage amount.	public/default.png	2023-09-17 23:49:24+08	t	f	\N
	\N	f	52	Joseph	Nelson	user51@example.com	359-924-9757x9…	Gun election add daughter. Late large smile than piece.	public/default.png	2023-03-01 07:29:25+08	t	f	\N
	\N	f	53	Kenneth	Kirk	user52@example.com	(629)820-0054	Second office natural arm deal clear. Better situation employee his dark course ground entire.	public/default.png	2020-08-03 17:57:40+08	t	f	\N
	\N	f	54	John	Butler	user53@example.com	001-971-717-28…	Education article American join.	public/default.png	2020-06-16 02:58:12+08	t	f	\N
	\N	f	55	Daniel	Perez	user54@example.com	001-279-778-31…	Dog send campaign down already nice important. Between message value loss why.	public/default.png	2022-08-05 02:31:14+08	t	f	\N
	\N	f	56	Scott	Acosta	user55@example.com	001-903-741-88…	Book thousand nothing ok.	public/default.png	2022-11-12 08:06:30+08	t	f	\N
	\N	f	57	Megan	Ashley	user56@example.com	(201)638-7837x…	This if require everybody. Hotel art attack sign. Key fact after thus challenge I lead.	public/default.png	2022-12-01 03:14:54+08	t	f	\N
	\N	f	58	Karen	Neal	user57@example.com	(623)974-2236	Simply teacher discussion our. Eat scientist none building. Boy modern effort word.	public/default.png	2022-08-18 07:19:22+08	t	f	\N
	\N	f	59	Mia	Bennett	user58@example.com	(686)885-0683	Indicate poor by send. Three skill agency have. Resource modern my view.	public/default.png	2021-05-28 04:46:17+08	t	f	\N
	\N	f	60	Latoya	Wagner	user59@example.com	001-973-272-09…	Remain little evening. Medical above treat available.	public/default.png	2020-03-16 22:06:35+08	t	f	\N
	\N	f	61	Tiffany	Spencer	user60@example.com	+1-862-227-078…	Light policy believe day. Represent usually weight weight whatever center south.	public/default.png	2023-06-10 23:55:05+08	t	f	\N
	\N	f	62	Gregory	Collins	user61@example.com	+1-477-849-6711	Behavior process instead. Word design relate shake deep network red east. Avoid technology arm.	public/default.png	2022-06-14 04:55:12+08	t	f	\N
	\N	f	63	Daniel	Fuller	user62@example.com	822-650-1820x6…	Boy sense your resource animal edge offer probably. Fish big type partner one. Safe image history including.	public/default.png	2022-08-14 02:51:18+08	t	f	\N
	\N	f	64	Nicole	Gardner	user63@example.com	256.533.4139x7…	Bed then myself. Much range east name matter. About other senior read audience stock.	public/default.png	2023-07-16 09:37:58+08	t	f	\N
	\N	f	65	Desiree	Evans	user64@example.com	+1-756-872-952…	Defense measure account high nearly. Quality speak today program that either. Leg tend really western site decision.	public/default.png	2021-07-10 01:56:51+08	t	f	\N
	\N	f	66	Veronica	Boone	user65@example.com	001-372-449-77…	Voice whole others son. However enough your item. Organization catch serve lead.	public/default.png	2020-05-10 12:48:49+08	t	f	\N
	\N	f	68	Kaitlyn	Brown	user67@example.com	+1-369-332-507…	Over we reach range relate course. Measure western indeed alone reflect ok available modern.	public/default.png	2021-05-04 07:47:25+08	t	f	\N
	\N	f	69	Ashley	Hill	user68@example.com	948.285.1555x8…	Same to somebody everyone raise every reason law. Spring reality third story chair hospital change wrong. Identify leave choose member large section present.	public/default.png	2022-12-07 02:02:04+08	t	f	\N
	\N	f	70	Stephanie	Rose	user69@example.com	+1-538-510-369…	So prepare we. Throughout catch care both girl response cover. Clear into put design politics.	public/default.png	2023-07-13 22:50:23+08	t	f	\N
	\N	f	67	Aprilg	Harvey	user66@example.com	11111111111	Break mission field time. Maybe if recent character act. Section sell left.	public/default.png	2022-05-25 17:57:45+08	t	f	\N
	\N	f	71	Rhonda	Parrish	user70@example.com	+1-526-283-547…	But watch business generation stuff. Sell open close foot already team. Describe itself or miss we.	public/default.png	2021-03-15 23:50:38+08	t	f	\N
	\N	f	72	Jennifer	Sanchez	user71@example.com	512.605.6582x2…	Ability quite movement organization. Training culture raise team a notice front discuss. Degree wife room oil write power both.	public/default.png	2022-08-01 21:19:54+08	t	f	\N
	\N	f	73	Michael	Ross	user72@example.com	8715866642	Consumer guess couple old can rich positive. Yard last serious certainly. Range million around improve. Society thousand production international over.	public/default.png	2021-05-18 04:16:37+08	t	f	\N
	\N	f	74	Karen	Perez	user73@example.com	390.738.3783x1…	Response organization theory long system increase level. Start simple create end. Hope paper letter pressure upon.	public/default.png	2023-10-23 06:48:07+08	t	f	\N
	\N	f	75	Casey	Patton	user74@example.com	725-789-5724	Agree crime surface clearly especially. Everyone reach floor certain option treat say. Live last join low trade risk ago.	public/default.png	2022-10-03 04:23:56+08	t	f	\N
	\N	f	76	Wesley	Valdez	user75@example.com	818.586.9679	Star over much bring cause front. Fund game form tell design.	public/default.png	2020-12-04 13:57:46+08	t	f	\N
	\N	f	77	Monique	Webster	user76@example.com	812.537.2850x2…	Quite ago interest administration difference hour. Expert beautiful machine education interview not. Each and teach. Speech indeed ago expert.	public/default.png	2023-02-19 20:04:30+08	t	f	\N
	\N	f	78	Melissa	Vazquez	user77@example.com	534.642.6390x2…	Often hot such base. Event city sing baby agree. Adult art crime. Watch throw discussion form think.	public/default.png	2021-07-03 11:37:36+08	t	f	\N
	\N	f	79	Paul	Blanchard	user78@example.com	297.382.9754	No five drug north notice reduce PM.	public/default.png	2024-01-15 16:46:35+08	t	f	\N
	\N	f	80	James	Brown	user79@example.com	792.813.4755x2…	Guy case certainly per produce. Really treatment get population. Gun or tax month day account easy. Feeling stay upon your.	public/default.png	2021-04-26 07:01:01+08	t	f	\N
	\N	f	81	Amanda	Boyer	user80@example.com	470.778.1366	Happen plan machine newspaper design. Business camera concern pick discover tonight real. Place remember your space several.	public/default.png	2021-12-22 07:13:25+08	t	f	\N
	\N	f	82	Matthew	Adams	user81@example.com	758-854-9197x7…	Good watch role explain before change thousand. Artist conference improve onto sure site. I loss create lot.	public/default.png	2021-03-23 11:17:26+08	t	f	\N
	\N	f	83	John	Robinson	user82@example.com	276.294.9337x1…	Company event war war. Glass front act simply perhaps something contain. People despite state little.	public/default.png	2022-03-16 01:26:51+08	t	f	\N
	\N	f	84	Carly	Campbell	user83@example.com	797-364-5767x5…	International deep brother movement thing. Heart stage write service accept. Like down song community question.	public/default.png	2022-12-12 15:26:41+08	t	f	\N
	\N	f	85	Bridget	Tucker	user84@example.com	365.756.5309	Nothing read guess quality claim. Give memory home unit. Discover fact responsibility sister.	public/default.png	2022-11-02 22:26:55+08	t	f	\N
	\N	f	86	Kristen	Wagner	user85@example.com	+1-998-884-4003	Place class me move life. New land think just. Pick during senior.	public/default.png	2020-06-08 19:40:27+08	t	f	\N
	\N	f	87	Mary	Brooks	user86@example.com	001-486-364-33…	International work on course break up option. Sister discussion human suffer few. Hair know ready town sea population it heavy.	public/default.png	2020-04-14 22:12:19+08	t	f	\N
	\N	f	88	Matthew	West	user87@example.com	686-683-0819x7…	Quite body against bill certain. Establish year difficult. Consumer reason ground.	public/default.png	2023-09-14 18:35:59+08	t	f	\N
	\N	f	89	Natalie	Robinson	user88@example.com	9313264872	Buy community room physical. Want apply stuff operation treatment. Indicate why allow edge system smile.	public/default.png	2020-02-28 17:15:07+08	t	f	\N
	\N	f	90	Julie	Norris	user89@example.com	313-622-3019x6…	Campaign again yes teach discussion middle into. Here street car bring any.	public/default.png	2023-08-07 16:37:32+08	t	f	\N
	\N	f	91	Zachary	Bryant	user90@example.com	(205)566-5257x…	Help hold police. Decide leg himself modern real often. Final send human address property stage.	public/default.png	2023-12-17 10:15:29+08	t	f	\N
	\N	f	92	Kayla	Davis	user91@example.com	234.971.8765x5…	Practice seat agree. History figure indicate loss public writer choose. Agree growth around statement head.	public/default.png	2021-11-25 08:57:03+08	t	f	\N
	\N	f	93	Victoria	Glover	user92@example.com	001-948-701-99…	Someone enter draw director. Bit them adult big both worker.	public/default.png	2023-02-18 06:17:33+08	t	f	\N
	\N	f	94	Shannon	Harper	user93@example.com	225-425-7619x3…	Hope and sister. Use what material. So somebody thousand town save individual. Make home might our usually pretty door cell.	public/default.png	2021-06-04 12:17:11+08	t	f	\N
	\N	f	95	Monica	May	user94@example.com	+1-568-234-193…	Word word bill hundred wide very. Easy move simple remain above surface. Enjoy network author hand item quite.	public/default.png	2023-04-04 22:19:50+08	t	f	\N
	\N	f	96	Tony	Beasley	user95@example.com	810-238-8820x0…	Bank sit election more throw both look. Get involve sure might.	public/default.png	2023-07-29 16:58:29+08	t	f	\N
	\N	f	97	Joanne	Wood	user96@example.com	+1-365-252-564…	Technology phone medical American. Huge state official leader friend continue natural return. Morning he member another record could left your.	public/default.png	2020-07-28 02:53:41+08	t	f	\N
	\N	f	98	Steven	Roach	user97@example.com	001-458-392-07…	Alone with think street or value. Community media knowledge. War member ahead care people goal.	public/default.png	2023-02-25 12:15:01+08	t	f	\N
	\N	f	99	Jeffrey	Sutton	user98@example.com	001-417-529-11…	Everybody analysis know follow. Long wish fine lead item bit understand would. Accept away development able at risk sell.	public/default.png	2020-05-21 09:45:01+08	t	f	\N
	\N	f	100	Brianna	Garcia	user99@example.com	(450)719-5330x…	Short try capital. Reduce bar send race magazine require music possible. Might question send us treatment.	public/default.png	2020-04-28 12:52:41+08	t	f	\N
	\N	f	101	Sarah	Sloan	user100@example.com	283-636-6149x0…	Into tough way nation. Ever if energy significant occur close our.	public/default.png	2023-07-04 09:00:39+08	t	f	\N
	\N	f	102	Dennis	Jackson	user101@example.com	(502)402-5022	Able play suggest give current shake wind. People east oil author benefit only paper. Mrs marriage realize follow next.	public/default.png	2021-08-09 11:01:16+08	t	f	\N
	\N	f	103	Amanda	Sanchez	user102@example.com	401-772-2305x7…	Sure almost make ever. Why bit adult loss end watch resource.	public/default.png	2020-01-16 08:29:24+08	t	f	\N
	\N	f	104	Patricia	Martinez	user103@example.com	511.876.8580x8…	Talk audience card. Friend behind north hotel after surface. Day among minute describe little.	public/default.png	2021-05-22 05:48:53+08	t	f	\N
	\N	f	105	Alicia	Dunlap	user104@example.com	220-845-3790x0…	Officer area grow meet within return partner attention. Idea Congress forget herself simple edge beat cut.	public/default.png	2020-01-29 17:47:44+08	t	f	\N
	\N	f	106	Caitlin	Sanders	user105@example.com	816.322.3370x8…	Last traditional body eat activity. Cover region possible.	public/default.png	2023-11-01 02:55:45+08	t	f	\N
	\N	f	107	Anthony	Cole	user106@example.com	(582)878-7813x…	Station would enter since ball. Vote sound thousand behavior art bed firm. Situation foreign everyone significant. Not place whole adult personal Mrs.	public/default.png	2022-05-29 10:21:38+08	t	f	\N
	\N	f	108	Eric	Anderson	user107@example.com	496.764.9277x1…	Civil because national society about. Less no president stuff Democrat government. Fill season lay feeling.	public/default.png	2021-09-08 21:32:27+08	t	f	\N
	\N	f	109	Kenneth	Hays	user108@example.com	338.336.2979	Direction meeting trial citizen say talk. Large decade coach age give finish. Too subject soldier dinner.	public/default.png	2020-12-31 23:27:19+08	t	f	\N
	\N	f	110	Ashley	Gaines	user109@example.com	(534)483-6273	Less read see hold information support. Because carry put suffer.	public/default.png	2021-04-06 13:25:20+08	t	f	\N
	\N	f	111	Colleen	Reynolds	user110@example.com	+1-311-677-2118	Tree low remember case hold. Young after result gun yard.	public/default.png	2021-04-10 06:41:13+08	t	f	\N
	\N	f	112	Laura	Miller	user111@example.com	001-793-769-29…	Mother hundred probably fear campaign he. Every no art life audience citizen. Exactly television much later think expert.	public/default.png	2020-03-29 22:16:39+08	t	f	\N
	\N	f	113	Wendy	Morrison	user112@example.com	277-617-0094x7…	Mr nor never position age upon. Thank whole threat still pull join after.	public/default.png	2023-06-09 18:39:26+08	t	f	\N
	\N	f	114	Kimberly	Johnson	user113@example.com	001-211-644-57…	Kid save natural sing hold parent little opportunity. Claim company door party run wish spend.	public/default.png	2022-10-28 14:13:16+08	t	f	\N
	\N	f	115	Erin	Reed	user114@example.com	221.893.2774x9…	Modern some red happy. Part woman perform look even land. Raise even others myself process until. Despite country play month career.	public/default.png	2020-12-21 12:12:00+08	t	f	\N
	\N	f	116	Jennifer	Jones	user115@example.com	(693)560-9160	Herself always final hotel cup after. Color together performance rich goal knowledge. Month reality yet man beautiful case entire. Action list TV know.	public/default.png	2022-08-05 08:07:19+08	t	f	\N
	\N	f	117	Brandi	Beltran	user116@example.com	256-327-6796	Life pass who your. Watch action effort indicate figure. Skill pull age fight. Hundred increase carry half organization inside without.	public/default.png	2020-01-12 06:34:56+08	t	f	\N
	\N	f	118	John	Gonzalez	user117@example.com	978-716-0338x8…	Fund report business century everything performance. Church it last worker huge write help role. Safe provide radio vote join.	public/default.png	2022-05-23 02:30:05+08	t	f	\N
	\N	f	119	Bradley	Hampton	user118@example.com	796.944.1027x3…	Fund financial degree natural accept but plant. On bag production now. Book teacher crime American sell down.	public/default.png	2021-05-28 19:13:30+08	t	f	\N
	\N	f	120	James	Lewis	user119@example.com	891.418.8995x1…	Right tough loss really different blue her. Among people south across she range.	public/default.png	2021-07-14 08:58:01+08	t	f	\N
	\N	f	121	Kevin	Smith	user120@example.com	2978369939	Late organization blue station both stuff. Represent whom whole eye important.	public/default.png	2023-11-18 18:26:20+08	t	f	\N
	\N	f	122	Drew	White	user121@example.com	465-467-8691x9…	Maybe where thank memory discussion.	public/default.png	2024-01-10 22:41:34+08	t	f	\N
	\N	f	123	Philip	Acosta	user122@example.com	4622431481	Control board push check deal simply. Air order try allow serious.	public/default.png	2022-04-13 02:06:11+08	t	f	\N
	\N	f	124	Cameron	Richards	user123@example.com	505.409.8135x5…	Find forget hear single. Above television rate marriage space media.	public/default.png	2021-05-05 22:49:02+08	t	f	\N
	\N	f	125	Maria	Hensley	user124@example.com	7523122769	Deep capital stage book seem popular. Improve know carry adult. Huge common head admit law section realize.	public/default.png	2022-10-12 11:25:28+08	t	f	\N
	\N	f	126	Christian	Rivera	user125@example.com	225.940.0423	Participant help party management inside eye shoulder. Central lawyer she strong about travel.	public/default.png	2022-06-24 07:09:49+08	t	f	\N
	\N	f	127	Gina	Jenkins	user126@example.com	271.717.8816x0…	Enjoy marriage job side better field information hotel.	public/default.png	2024-02-13 09:58:15+08	t	f	\N
	\N	f	128	Jay	Wilson	user127@example.com	(429)358-3612	Work billion Republican hand picture nature. Base top use try option arrive environment. Could first wide good participant finish.	public/default.png	2023-07-21 12:39:29+08	t	f	\N
	\N	f	129	Cheryl	Moore	user128@example.com	660-942-8316x3…	Dog order participant cultural event girl. Surface according trouble ability guess meeting.	public/default.png	2020-05-24 23:01:30+08	t	f	\N
	\N	f	130	Christopher	Reed	user129@example.com	2076214598	Produce miss include health rise deal play try. Radio skill career allow personal. Lose poor probably it level eight.	public/default.png	2021-08-12 07:50:33+08	t	f	\N
	\N	f	131	Jeremy	Evans	user130@example.com	+1-284-686-262…	Conference eight one claim improve. Common quite from very politics evening. Fish ago risk during trip rate against.	public/default.png	2020-02-05 14:57:41+08	t	f	\N
	\N	f	132	Christopher	Fisher	user131@example.com	279-488-0429x3…	Big hundred daughter identify hot. Safe positive similar far firm suddenly when. Two perhaps pick along memory check yard pattern.	public/default.png	2020-10-09 23:48:47+08	t	f	\N
	\N	f	133	Jacob	Carter	user132@example.com	+1-965-578-3097	Nearly card phone today actually benefit. Spend require your economy project technology.	public/default.png	2021-02-26 02:29:44+08	t	f	\N
	\N	f	134	Jacob	Smith	user133@example.com	001-641-530-60…	Human large positive difficult learn industry water decade. Week manager them she Democrat world. Mouth perform raise field region ground.	public/default.png	2020-10-20 18:01:25+08	t	f	\N
	\N	f	135	Christine	Jackson	user134@example.com	001-976-550-30…	Development another bed us issue tonight. Some machine reason son suddenly do. Establish participant everyone music whether TV key.	public/default.png	2021-04-26 04:47:39+08	t	f	\N
!7cf25u7wiovvKPL6OWVjfdybzHQSCISzmTDpJDcO	\N	f	206	jhona	adada	tiuasndakdj@addu.edu.ph			public/default.png	2024-04-24 16:47:38.817735+08	t	f	\N
	\N	f	136	Brittney	Sharp	user135@example.com	594.605.2664	Couple pretty never respond lot. Kind shake behind company risk thought however.	public/default.png	2020-09-13 19:29:50+08	t	f	\N
	\N	f	137	Raymond	Gray	user136@example.com	001-869-249-17…	Pm would fall soldier phone. Church lose physical keep same general. Billion cell lot player yes brother Democrat.	public/default.png	2023-03-07 21:48:35+08	t	f	\N
	\N	f	138	Melissa	Stevens	user137@example.com	001-828-921-27…	Allow just many dark into single per. Point relate brother perhaps.	public/default.png	2023-10-03 10:21:34+08	t	f	\N
	\N	f	139	Debra	Russell	user138@example.com	+1-332-930-497…	System anyone Democrat not various now yard. Thank traditional thing approach southern. Down near protect develop as ok current.	public/default.png	2024-02-14 14:37:04+08	t	f	\N
	\N	f	140	Jennifer	Whitaker	user139@example.com	(665)828-7768x…	Either improve animal poor well rest last. Daughter despite table. Nor game at affect network.	public/default.png	2024-03-29 11:59:30+08	t	f	\N
	\N	f	141	Alyssa	Miller	user140@example.com	(724)923-7738	Major take tough leader.	public/default.png	2022-07-02 14:27:49+08	t	f	\N
	\N	f	142	Denise	Vincent	user141@example.com	498.621.0944x1…	Car think week window participant. Arm owner letter leader care. Our religious effort age.	public/default.png	2020-04-25 23:08:45+08	t	f	\N
	\N	f	143	Anthony	Shaffer	user142@example.com	(820)707-3031	Mrs report away. Heart late hot candidate be game. Success civil operation help current stuff single fire. Hit third son side business.	public/default.png	2021-07-25 03:12:19+08	t	f	\N
	\N	f	144	Kathy	Rose	user143@example.com	238-276-9278x5…	Believe simple later. Every sea boy low. Small between herself.	public/default.png	2020-10-23 23:06:39+08	t	f	\N
	\N	f	145	Marvin	Morris	user144@example.com	742-981-6587x5…	Argue give quite discussion raise however receive. Employee strong quite walk pattern administration. Mouth may trouble off art. Campaign right why animal.	public/default.png	2021-01-25 23:46:57+08	t	f	\N
	\N	f	146	Shelley	Martin	user145@example.com	(923)457-3384	Than audience lead side blood main hotel. Already suffer fund smile. Moment ever general suffer science now.	public/default.png	2021-07-11 21:35:41+08	t	f	\N
	\N	f	147	Rachel	Suarez	user146@example.com	4138750913	Drive save attorney every matter administration voice. Thank song decide inside six yet minute. Sit first several less center third. Traditional picture painting rock management friend social.	public/default.png	2021-06-30 19:16:44+08	t	f	\N
	\N	f	148	Bradley	Barber	user147@example.com	+1-826-648-346…	Tree and allow information keep trip himself. Half offer suddenly other truth run. Visit money seat size.	public/default.png	2020-01-24 01:56:59+08	t	f	\N
	\N	f	149	Rebecca	Summers	user148@example.com	(979)760-6831x…	Set along force wind. Throughout wish rise cup like describe score. Property inside culture continue program in but.	public/default.png	2021-03-09 14:40:19+08	t	f	\N
	\N	f	150	Erik	Hunter	user149@example.com	901-633-5240	Hair away could professor. Reduce reflect suffer.	public/default.png	2022-05-28 22:08:25+08	t	f	\N
	\N	f	151	Erica	Rogers	user150@example.com	4063413727	Several explain activity take make.	public/default.png	2023-07-04 01:52:55+08	t	f	\N
	\N	f	152	James	Hines	user151@example.com	(499)389-9575x…	Expect again box community number region. Level happy bank many international exactly forward.	public/default.png	2020-07-10 20:58:37+08	t	f	\N
	\N	f	153	Sarah	Smith	user152@example.com	8779801952	Green treatment hope sound eye.	public/default.png	2022-07-12 18:01:31+08	t	f	\N
	\N	f	154	Leslie	Smith	user153@example.com	001-489-526-93…	Site understand sell discuss start. Stay country amount might.	public/default.png	2023-02-06 16:38:01+08	t	f	\N
	\N	f	156	Scott	Murphy	user155@example.com	395.367.1465x4…	Certain gas least number yes spend unit. Maintain exist until.	public/default.png	2023-01-22 02:15:33+08	t	f	\N
	\N	f	157	Jose	Ford	user156@example.com	7176071245	But laugh statement owner tree ground. Range toward section point money hour. Above clearly mean.	public/default.png	2021-04-08 09:10:03+08	t	f	\N
	\N	f	158	Gregory	Dean	user157@example.com	(397)270-1413	Across not there spend support front turn.	public/default.png	2023-12-03 04:50:34+08	t	f	\N
	\N	f	159	Charles	Martin	user158@example.com	001-667-367-84…	Never break base between page discussion until.	public/default.png	2023-07-10 01:44:17+08	t	f	\N
	\N	f	160	Katherine	Ball	user159@example.com	2914618297	Growth look authority all available instead southern no. Present lot trip nice appear speak. Too far boy kid.	public/default.png	2021-07-10 07:39:11+08	t	f	\N
	\N	f	161	Richard	Reeves	user160@example.com	001-739-418-11…	Dark professional wish international education. Line their today not subject challenge source.	public/default.png	2020-06-18 01:02:58+08	t	f	\N
	\N	f	162	Alicia	Gardner	user161@example.com	001-733-298-43…	Research wear guy. Someone guess international majority. Least economic evidence history media. Indeed beat star far discover skin teacher.	public/default.png	2023-10-03 07:59:03+08	t	f	\N
	\N	f	163	Jennifer	Schwartz	user162@example.com	(311)744-7996	Until Republican reach speech option effect. During rather need keep day at simple follow. System offer serve lay. Top trial able politics major notice hope.	public/default.png	2023-10-12 15:44:30+08	t	f	\N
	\N	f	164	Stephen	Bentley	user163@example.com	(734)858-5025	Remain middle let pick student owner. Forget instead else kid his. Cold would prove push road. Relate herself upon answer single dark forward.	public/default.png	2024-04-01 18:24:36+08	t	f	\N
	\N	f	165	David	Brown	user164@example.com	583.929.9989x0…	Summer vote card stand method sport official. Shoulder major traditional leave itself memory. Yourself material miss there. Begin green card significant dog office.	public/default.png	2022-06-12 14:06:49+08	t	f	\N
	\N	f	166	Paul	Shaw	user165@example.com	+1-268-496-1762	Pass nation truth body. Network seat nothing trade hair style police picture.	public/default.png	2020-02-13 18:37:49+08	t	f	\N
	\N	f	167	Elizabeth	Callahan	user166@example.com	(775)750-9806x…	Sing buy career during check. Have but think run respond continue. Player push leave. Boy only reality right set.	public/default.png	2021-07-15 12:47:37+08	t	f	\N
	\N	f	168	Kyle	Rice	user167@example.com	(707)643-0751	Get against marriage old entire government. So common management trial as.	public/default.png	2023-03-26 12:10:09+08	t	f	\N
!A19Hj8bsU0rOUddr0QCxWmKcGns5qHdrKUP3Y5Mh	\N	f	207	jhona	adada	tiuasndasdasdakdj@addu.edu.ph			public/default.png	2024-04-24 16:48:34.741536+08	t	f	\N
!sRHZdhtYRrMCaa3keByipMIXRag7X4HY9eoKQ4Hh	\N	f	208	asdada	adadad	adasdasdasd@addu.edu.ph	12312312313		public/default.png	2024-04-24 16:51:17.522727+08	t	f	7
	\N	f	169	Shawn	Colon	user168@example.com	7965363730	Arrive huge fund success talk reach way. Others more it contain modern accept seek agreement. Indicate blue audience.	public/default.png	2021-09-16 12:20:24+08	t	f	\N
	\N	f	170	Antonio	Holt	user169@example.com	592.770.7273x8…	Language rule piece street. Community enter east month education gun.	public/default.png	2021-04-14 10:26:48+08	t	f	\N
	\N	f	171	April	Gomez	user170@example.com	001-894-244-61…	Peace later seem interview concern feeling number. Eight point expect quite site range score. Although record possible expert card.	public/default.png	2022-10-20 16:31:56+08	t	f	\N
	\N	f	172	Evelyn	Werner	user171@example.com	+1-602-626-586…	Now guess leader determine find. Ahead view professional ground make guess run page.	public/default.png	2021-07-19 12:08:11+08	t	f	\N
	\N	f	173	Paula	Jones	user172@example.com	957-822-8974x6…	Free notice strategy with.	public/default.png	2024-01-20 12:17:43+08	t	f	\N
	\N	f	174	John	Lewis	user173@example.com	713-491-6798x8…	Girl result crime great often skill push. Resource most time evidence skill next. Worker number number.	public/default.png	2023-06-15 14:03:39+08	t	f	\N
	\N	f	175	Christian	Walker	user174@example.com	433-236-5573	College director anything before off laugh fast friend. Develop administration write loss senior. Though successful go office keep worry. Seven director could bill kid step smile either.	public/default.png	2022-02-01 04:21:03+08	t	f	\N
	\N	f	176	Alexandria	Velazquez	user175@example.com	001-357-684-04…	Piece class marriage measure tell decision. Culture create tell field TV toward director.	public/default.png	2024-02-08 19:36:25+08	t	f	\N
	\N	f	177	George	Pierce	user176@example.com	653-369-6469x6…	Book show old different rather.	public/default.png	2022-05-02 18:38:03+08	t	f	\N
	\N	f	178	Amy	Watts	user177@example.com	743-203-2830x3…	Prepare cause someone person. Not end model hear performance type. Move experience toward shake visit fish success attorney.	public/default.png	2021-11-27 23:56:09+08	t	f	\N
	\N	f	179	Mary	Brown	user178@example.com	001-462-915-26…	Cost enjoy answer future. Machine listen remain garden different. Response house clear from.	public/default.png	2022-07-19 05:45:51+08	t	f	\N
	\N	f	180	Bryan	Miller	user179@example.com	001-238-664-80…	Scene behind accept child successful rock sense.	public/default.png	2022-05-28 04:35:08+08	t	f	\N
	\N	f	181	Scott	Jones	user180@example.com	+1-358-592-741…	Have start turn safe others skin.	public/default.png	2020-10-18 22:25:45+08	t	f	\N
	\N	f	182	Nathan	Buchanan	user181@example.com	890.472.7547x6…	Authority mention care during writer forward brother traditional. Minute good hold chance build.	public/default.png	2022-04-18 21:55:23+08	t	f	\N
	\N	f	183	Justin	Pruitt	user182@example.com	001-465-859-35…	Today include very yard wait. Cold wear listen former couple million.	public/default.png	2020-01-25 06:02:01+08	t	f	\N
	\N	f	184	Jason	Fritz	user183@example.com	+1-498-677-5162	Room stock note rather. Benefit four trouble real less.	public/default.png	2022-06-23 17:30:15+08	t	f	\N
	\N	f	185	Rachel	Nguyen	user184@example.com	8446706541	Until outside hand. Movie yes represent. Party recently its tough series fish little.	public/default.png	2021-07-22 00:31:47+08	t	f	\N
	\N	f	186	Emily	Baxter	user185@example.com	001-833-680-85…	Make expert black history total box name. Teacher nature grow bill score save certainly occur. Leader force miss doctor point.	public/default.png	2023-11-01 09:25:51+08	t	f	\N
	\N	f	187	Adam	Coleman	user186@example.com	2428424742	Pm boy leader last herself reason production. Son data senior. Nearly much candidate several.	public/default.png	2020-05-26 23:51:56+08	t	f	\N
	\N	f	188	Lisa	Price	user187@example.com	994-442-6250x8…	Message account direction girl party one physical. Begin network nice write. Determine exactly improve treat so suddenly.	public/default.png	2021-01-17 08:30:14+08	t	f	\N
	\N	f	189	Carlos	Greene	user188@example.com	+1-613-914-518…	Prepare sense state could price. Certainly federal question fire.	public/default.png	2023-09-03 07:37:39+08	t	f	\N
	\N	f	190	Robert	Burns	user189@example.com	+1-243-684-880…	Fact see say important century only.	public/default.png	2020-11-22 16:08:45+08	t	f	\N
	\N	f	191	Elizabeth	Hall	user190@example.com	7305932006	Cup southern hear old until go.	public/default.png	2022-08-05 14:26:23+08	t	f	\N
	\N	f	192	Douglas	Bell	user191@example.com	+1-594-249-782…	Behind early professor. Owner knowledge they act month involve able add. Rest and box upon painting.	public/default.png	2020-08-02 17:02:44+08	t	f	\N
	\N	f	193	Jacob	Garcia	user192@example.com	001-966-963-21…	Develop property best one drive accept major. Every find possible heavy drive help.	public/default.png	2023-01-13 03:05:25+08	t	f	\N
	\N	f	194	Dawn	Butler	user193@example.com	534-635-9838x9…	Want smile success position when authority test.	public/default.png	2022-03-04 18:00:24+08	t	f	\N
	\N	f	195	Leslie	Williams	user194@example.com	001-500-471-84…	Red even list before minute from million. Rich receive itself bar. Several standard recently very.	public/default.png	2023-02-09 10:43:55+08	t	f	\N
	\N	f	196	Robert	Sanders	user195@example.com	(738)841-2751	President degree forget less good. Attention suggest road work. Study participant hope field. Nice everything management side strong.	public/default.png	2021-01-13 17:34:16+08	t	f	\N
	\N	f	197	Carol	Mason	user196@example.com	+1-946-227-2315	Visit easy man say. Artist woman religious land. Collection discussion next pass read best.	public/default.png	2023-10-13 22:28:16+08	t	f	\N
	\N	f	198	Donna	Huynh	user197@example.com	991.502.9456	As most author three meeting else attack. Any myself science reduce travel someone. Truth act owner see must design investment daughter.	public/default.png	2022-12-16 03:55:09+08	t	f	\N
	\N	f	199	Jason	Murillo	user198@example.com	702.899.6004	By quickly space cut simple movement. Able tell strategy foreign matter my. Bed beat stuff increase.	public/default.png	2023-11-07 04:48:10+08	t	f	\N
	\N	f	200	Ashley	Jones	user199@example.com	(740)260-4941x…	Event maintain star not. Happen choice brother technology expert sport these. Wear teacher also daughter.	public/default.png	2023-01-29 14:02:46+08	t	f	\N
	\N	f	201	Howard	Small	user200@example.com	5576406451	Ground remember several baby chance soldier. Pretty reduce yard color. Maintain perform news part behind a physical. Some company both.	public/default.png	2020-09-24 16:45:54+08	t	f	\N
!MwhdiszNLSKgc6Ga1GX8C0uD37GaIAAfmjwb3Duh	\N	f	202	John	Milky	asdasd@addu.edu.ph			public/default.png	2024-04-24 16:39:54.455251+08	t	f	\N
!iKkJixA0py7LtIyL5nclJrKwDJdBZOQLV5Cyjp2V	\N	f	203	dasdas	asdasdad	asdads@addu.edu.ph			public/default.png	2024-04-24 16:41:26.16339+08	t	f	\N
!Ydsr3KXaWdPyv0ynU3snjEW6f3drDkpHRStvYBn2	\N	f	204	adasd	asdasdasd	asdadsa@addu.edu.ph			public/default.png	2024-04-24 16:43:07.119058+08	t	f	\N
!7DjiRwnRST55zTM2rotntQjtJMNgJzXcQL4qB8O5	\N	f	205	1231	23123123123	dadawd23@addu.edu.ph			public/default.png	2024-04-24 16:46:57.634309+08	t	f	\N
!pFKiaa1RuYi3fcKD6W0xEp2Q8xt85ZTLQvVDTBhM	\N	f	209	Andrew	Mark	Adfa@addu.edu.ph	12345667890		public/default.png	2024-04-24 16:54:56.343702+08	t	f	6
!EaeZHDS2DvEq8ns74kODQbMAEwpit0n7draYr2rZ	\N	f	210	Andrew	Mark	Adasdfa@addu.edu.ph	12345667890		public/default.png	2024-04-24 16:55:00.478998+08	t	f	6
!HdoAbdqO3ANae8QCcUUsmZ7Cn4jLPbKNMDAQvPYK	\N	f	211	Andrew	Mark	Asdasdfa@addu.edu.ph	12345667890		public/default.png	2024-04-24 16:55:20.157352+08	t	f	6
!C0AMWY9vieRpXNPmbWaBYJvtevgQ6r5OjiWeX4nR	\N	f	212	asdasd	dadasdas	dadasdasda@addu.edu.ph	12312312313		public/default.png	2024-04-24 16:56:02.796338+08	t	f	6
!gu8LR1GrmDQIvhP5b37pMcNn0c23S0sCcMfFZvmz	\N	f	213	adas	asdasd	asdasdadasasd@addu.edu.ph	12312312312		public/default.png	2024-04-24 16:57:29.854245+08	t	f	5
!Lxds8CQdZZNB7XmNty1EctMSE35v97KFHM4FbdHL	\N	f	214	adasadasd	asdasdasdasd	asdasdadaasdadssasd@addu.edu.ph	12312312312		public/default.png	2024-04-24 16:59:02.748249+08	t	f	5
!IVDIAOdU5SjFsc5IEQH6WIeeiGhz6D74A5dl2dQw	\N	f	215	adadad	adasd	adasdasddddasd@addu.edu.ph	12312312313		public/default.png	2024-04-24 16:59:55.176847+08	t	f	5
!T0UCygS5T5mN5sbSOZnbbEQGFSFjjTmmrrRCdbaM	\N	f	216	adadad	adasd	adasasddasddddasd@addu.edu.ph	12312312313		public/default.png	2024-04-24 17:01:12.288314+08	t	f	5
!OSX269tkSTI9nenJUP6NhJesqTBRB6xlB3xj6H36	\N	f	217	sdasda	dasdasda	dadadas@addu.edu.ph	12312312311		public/default.png	2024-04-24 17:01:48.609773+08	t	f	5
	\N	f	155	Oliviag	Benitez	user154@example.com	11111111111	Agreement quality involve all someone most left. First mention key church ask professor heart.	public/default.png	2020-08-03 23:58:37+08	t	f	\N
!dcDs4Uzrg90rTOAi2M0MA6v8VSTesNTzW17YD76g	2024-04-30 23:38:44.636404+08	f	1	Andrew Mari	Tang	amltan@addu.edu.ph	12312312312		public/default.png	2024-04-24 13:38:20.514402+08	t	f	8
\.


--
-- Data for Name: users_user_groups; Type: TABLE DATA; Schema: public; Owner: postgres
--

COPY public.users_user_groups (id, user_id, group_id) FROM stdin;
\.


--
-- Data for Name: users_user_user_permissions; Type: TABLE DATA; Schema: public; Owner: postgres
--

COPY public.users_user_user_permissions (id, user_id, permission_id) FROM stdin;
\.


--
-- Name: auth_group_id_seq; Type: SEQUENCE SET; Schema: public; Owner: postgres
--

SELECT pg_catalog.setval('public.auth_group_id_seq', 1, false);


--
-- Name: auth_group_permissions_id_seq; Type: SEQUENCE SET; Schema: public; Owner: postgres
--

SELECT pg_catalog.setval('public.auth_group_permissions_id_seq', 1, false);


--
-- Name: auth_permission_id_seq; Type: SEQUENCE SET; Schema: public; Owner: postgres
--

SELECT pg_catalog.setval('public.auth_permission_id_seq', 84, true);


--
-- Name: django_admin_log_id_seq; Type: SEQUENCE SET; Schema: public; Owner: postgres
--

SELECT pg_catalog.setval('public.django_admin_log_id_seq', 1, false);


--
-- Name: django_content_type_id_seq; Type: SEQUENCE SET; Schema: public; Owner: postgres
--

SELECT pg_catalog.setval('public.django_content_type_id_seq', 21, true);


--
-- Name: django_migrations_id_seq; Type: SEQUENCE SET; Schema: public; Owner: postgres
--

SELECT pg_catalog.setval('public.django_migrations_id_seq', 27, true);


--
-- Name: inventory_category_id_seq; Type: SEQUENCE SET; Schema: public; Owner: postgres
--

SELECT pg_catalog.setval('public.inventory_category_id_seq', 6, true);


--
-- Name: inventory_exporthistory_id_seq; Type: SEQUENCE SET; Schema: public; Owner: postgres
--

SELECT pg_catalog.setval('public.inventory_exporthistory_id_seq', 1, false);


--
-- Name: inventory_inventory_id_seq; Type: SEQUENCE SET; Schema: public; Owner: postgres
--

SELECT pg_catalog.setval('public.inventory_inventory_id_seq', 30, true);


--
-- Name: inventory_itemcopy_id_seq; Type: SEQUENCE SET; Schema: public; Owner: postgres
--

SELECT pg_catalog.setval('public.inventory_itemcopy_id_seq', 304, true);


--
-- Name: inventory_itemprofiling_id_seq; Type: SEQUENCE SET; Schema: public; Owner: postgres
--

SELECT pg_catalog.setval('public.inventory_itemprofiling_id_seq', 30, true);


--
-- Name: posts_post_id_seq; Type: SEQUENCE SET; Schema: public; Owner: postgres
--

SELECT pg_catalog.setval('public.posts_post_id_seq', 13, true);


--
-- Name: transactions_inquiry_id_seq; Type: SEQUENCE SET; Schema: public; Owner: postgres
--

SELECT pg_catalog.setval('public.transactions_inquiry_id_seq', 15, true);


--
-- Name: transactions_inquiryreply_id_seq; Type: SEQUENCE SET; Schema: public; Owner: postgres
--

SELECT pg_catalog.setval('public.transactions_inquiryreply_id_seq', 1, false);


--
-- Name: transactions_reserveditem_id_seq; Type: SEQUENCE SET; Schema: public; Owner: postgres
--

SELECT pg_catalog.setval('public.transactions_reserveditem_id_seq', 3, true);


--
-- Name: transactions_transaction_id_seq; Type: SEQUENCE SET; Schema: public; Owner: postgres
--

SELECT pg_catalog.setval('public.transactions_transaction_id_seq', 29, true);


--
-- Name: transactions_transactionitem_id_seq; Type: SEQUENCE SET; Schema: public; Owner: postgres
--

SELECT pg_catalog.setval('public.transactions_transactionitem_id_seq', 40, true);


--
-- Name: users_department_id_seq; Type: SEQUENCE SET; Schema: public; Owner: postgres
--

SELECT pg_catalog.setval('public.users_department_id_seq', 8, true);


--
-- Name: users_user_groups_id_seq; Type: SEQUENCE SET; Schema: public; Owner: postgres
--

SELECT pg_catalog.setval('public.users_user_groups_id_seq', 1, false);


--
-- Name: users_user_user_id_seq; Type: SEQUENCE SET; Schema: public; Owner: postgres
--

SELECT pg_catalog.setval('public.users_user_user_id_seq', 217, true);


--
-- Name: users_user_user_permissions_id_seq; Type: SEQUENCE SET; Schema: public; Owner: postgres
--

SELECT pg_catalog.setval('public.users_user_user_permissions_id_seq', 1, false);


--
-- Name: auth_group auth_group_name_key; Type: CONSTRAINT; Schema: public; Owner: postgres
--

ALTER TABLE ONLY public.auth_group
    ADD CONSTRAINT auth_group_name_key UNIQUE (name);


--
-- Name: auth_group_permissions auth_group_permissions_group_id_permission_id_0cd325b0_uniq; Type: CONSTRAINT; Schema: public; Owner: postgres
--

ALTER TABLE ONLY public.auth_group_permissions
    ADD CONSTRAINT auth_group_permissions_group_id_permission_id_0cd325b0_uniq UNIQUE (group_id, permission_id);


--
-- Name: auth_group_permissions auth_group_permissions_pkey; Type: CONSTRAINT; Schema: public; Owner: postgres
--

ALTER TABLE ONLY public.auth_group_permissions
    ADD CONSTRAINT auth_group_permissions_pkey PRIMARY KEY (id);


--
-- Name: auth_group auth_group_pkey; Type: CONSTRAINT; Schema: public; Owner: postgres
--

ALTER TABLE ONLY public.auth_group
    ADD CONSTRAINT auth_group_pkey PRIMARY KEY (id);


--
-- Name: auth_permission auth_permission_content_type_id_codename_01ab375a_uniq; Type: CONSTRAINT; Schema: public; Owner: postgres
--

ALTER TABLE ONLY public.auth_permission
    ADD CONSTRAINT auth_permission_content_type_id_codename_01ab375a_uniq UNIQUE (content_type_id, codename);


--
-- Name: auth_permission auth_permission_pkey; Type: CONSTRAINT; Schema: public; Owner: postgres
--

ALTER TABLE ONLY public.auth_permission
    ADD CONSTRAINT auth_permission_pkey PRIMARY KEY (id);


--
-- Name: authtoken_token authtoken_token_pkey; Type: CONSTRAINT; Schema: public; Owner: postgres
--

ALTER TABLE ONLY public.authtoken_token
    ADD CONSTRAINT authtoken_token_pkey PRIMARY KEY (key);


--
-- Name: authtoken_token authtoken_token_user_id_key; Type: CONSTRAINT; Schema: public; Owner: postgres
--

ALTER TABLE ONLY public.authtoken_token
    ADD CONSTRAINT authtoken_token_user_id_key UNIQUE (user_id);


--
-- Name: django_admin_log django_admin_log_pkey; Type: CONSTRAINT; Schema: public; Owner: postgres
--

ALTER TABLE ONLY public.django_admin_log
    ADD CONSTRAINT django_admin_log_pkey PRIMARY KEY (id);


--
-- Name: django_content_type django_content_type_app_label_model_76bd3d3b_uniq; Type: CONSTRAINT; Schema: public; Owner: postgres
--

ALTER TABLE ONLY public.django_content_type
    ADD CONSTRAINT django_content_type_app_label_model_76bd3d3b_uniq UNIQUE (app_label, model);


--
-- Name: django_content_type django_content_type_pkey; Type: CONSTRAINT; Schema: public; Owner: postgres
--

ALTER TABLE ONLY public.django_content_type
    ADD CONSTRAINT django_content_type_pkey PRIMARY KEY (id);


--
-- Name: django_migrations django_migrations_pkey; Type: CONSTRAINT; Schema: public; Owner: postgres
--

ALTER TABLE ONLY public.django_migrations
    ADD CONSTRAINT django_migrations_pkey PRIMARY KEY (id);


--
-- Name: django_session django_session_pkey; Type: CONSTRAINT; Schema: public; Owner: postgres
--

ALTER TABLE ONLY public.django_session
    ADD CONSTRAINT django_session_pkey PRIMARY KEY (session_key);


--
-- Name: inventory_category inventory_category_name_key; Type: CONSTRAINT; Schema: public; Owner: postgres
--

ALTER TABLE ONLY public.inventory_category
    ADD CONSTRAINT inventory_category_name_key UNIQUE (name);


--
-- Name: inventory_category inventory_category_pkey; Type: CONSTRAINT; Schema: public; Owner: postgres
--

ALTER TABLE ONLY public.inventory_category
    ADD CONSTRAINT inventory_category_pkey PRIMARY KEY (id);


--
-- Name: inventory_exporthistory inventory_exporthistory_pkey; Type: CONSTRAINT; Schema: public; Owner: postgres
--

ALTER TABLE ONLY public.inventory_exporthistory
    ADD CONSTRAINT inventory_exporthistory_pkey PRIMARY KEY (id);


--
-- Name: inventory_inventory inventory_inventory_pkey; Type: CONSTRAINT; Schema: public; Owner: postgres
--

ALTER TABLE ONLY public.inventory_inventory
    ADD CONSTRAINT inventory_inventory_pkey PRIMARY KEY (id);


--
-- Name: inventory_itemcopy inventory_itemcopy_pkey; Type: CONSTRAINT; Schema: public; Owner: postgres
--

ALTER TABLE ONLY public.inventory_itemcopy
    ADD CONSTRAINT inventory_itemcopy_pkey PRIMARY KEY (id);


--
-- Name: inventory_itemprofiling inventory_itemprofiling_name_key; Type: CONSTRAINT; Schema: public; Owner: postgres
--

ALTER TABLE ONLY public.inventory_itemprofiling
    ADD CONSTRAINT inventory_itemprofiling_name_key UNIQUE (name);


--
-- Name: inventory_itemprofiling inventory_itemprofiling_pkey; Type: CONSTRAINT; Schema: public; Owner: postgres
--

ALTER TABLE ONLY public.inventory_itemprofiling
    ADD CONSTRAINT inventory_itemprofiling_pkey PRIMARY KEY (id);


--
-- Name: posts_post posts_post_pkey; Type: CONSTRAINT; Schema: public; Owner: postgres
--

ALTER TABLE ONLY public.posts_post
    ADD CONSTRAINT posts_post_pkey PRIMARY KEY (id);


--
-- Name: transactions_inquiry transactions_inquiry_pkey; Type: CONSTRAINT; Schema: public; Owner: postgres
--

ALTER TABLE ONLY public.transactions_inquiry
    ADD CONSTRAINT transactions_inquiry_pkey PRIMARY KEY (id);


--
-- Name: transactions_inquiryreply transactions_inquiryreply_pkey; Type: CONSTRAINT; Schema: public; Owner: postgres
--

ALTER TABLE ONLY public.transactions_inquiryreply
    ADD CONSTRAINT transactions_inquiryreply_pkey PRIMARY KEY (id);


--
-- Name: transactions_reserveditem transactions_reserveditem_pkey; Type: CONSTRAINT; Schema: public; Owner: postgres
--

ALTER TABLE ONLY public.transactions_reserveditem
    ADD CONSTRAINT transactions_reserveditem_pkey PRIMARY KEY (id);


--
-- Name: transactions_transaction transactions_transaction_pkey; Type: CONSTRAINT; Schema: public; Owner: postgres
--

ALTER TABLE ONLY public.transactions_transaction
    ADD CONSTRAINT transactions_transaction_pkey PRIMARY KEY (id);


--
-- Name: transactions_transactionitem transactions_transactionitem_pkey; Type: CONSTRAINT; Schema: public; Owner: postgres
--

ALTER TABLE ONLY public.transactions_transactionitem
    ADD CONSTRAINT transactions_transactionitem_pkey PRIMARY KEY (id);


--
-- Name: users_department users_department_name_key; Type: CONSTRAINT; Schema: public; Owner: postgres
--

ALTER TABLE ONLY public.users_department
    ADD CONSTRAINT users_department_name_key UNIQUE (name);


--
-- Name: users_department users_department_pkey; Type: CONSTRAINT; Schema: public; Owner: postgres
--

ALTER TABLE ONLY public.users_department
    ADD CONSTRAINT users_department_pkey PRIMARY KEY (id);


--
-- Name: users_staff users_staff_pkey; Type: CONSTRAINT; Schema: public; Owner: postgres
--

ALTER TABLE ONLY public.users_staff
    ADD CONSTRAINT users_staff_pkey PRIMARY KEY (user_id);


--
-- Name: users_user users_user_email_key; Type: CONSTRAINT; Schema: public; Owner: postgres
--

ALTER TABLE ONLY public.users_user
    ADD CONSTRAINT users_user_email_key UNIQUE (email);


--
-- Name: users_user_groups users_user_groups_pkey; Type: CONSTRAINT; Schema: public; Owner: postgres
--

ALTER TABLE ONLY public.users_user_groups
    ADD CONSTRAINT users_user_groups_pkey PRIMARY KEY (id);


--
-- Name: users_user_groups users_user_groups_user_id_group_id_b88eab82_uniq; Type: CONSTRAINT; Schema: public; Owner: postgres
--

ALTER TABLE ONLY public.users_user_groups
    ADD CONSTRAINT users_user_groups_user_id_group_id_b88eab82_uniq UNIQUE (user_id, group_id);


--
-- Name: users_user users_user_pkey; Type: CONSTRAINT; Schema: public; Owner: postgres
--

ALTER TABLE ONLY public.users_user
    ADD CONSTRAINT users_user_pkey PRIMARY KEY (user_id);


--
-- Name: users_user_user_permissions users_user_user_permissions_pkey; Type: CONSTRAINT; Schema: public; Owner: postgres
--

ALTER TABLE ONLY public.users_user_user_permissions
    ADD CONSTRAINT users_user_user_permissions_pkey PRIMARY KEY (id);


--
-- Name: users_user_user_permissions users_user_user_permissions_user_id_permission_id_43338c45_uniq; Type: CONSTRAINT; Schema: public; Owner: postgres
--

ALTER TABLE ONLY public.users_user_user_permissions
    ADD CONSTRAINT users_user_user_permissions_user_id_permission_id_43338c45_uniq UNIQUE (user_id, permission_id);


--
-- Name: auth_group_name_a6ea08ec_like; Type: INDEX; Schema: public; Owner: postgres
--

CREATE INDEX auth_group_name_a6ea08ec_like ON public.auth_group USING btree (name varchar_pattern_ops);


--
-- Name: auth_group_permissions_group_id_b120cbf9; Type: INDEX; Schema: public; Owner: postgres
--

CREATE INDEX auth_group_permissions_group_id_b120cbf9 ON public.auth_group_permissions USING btree (group_id);


--
-- Name: auth_group_permissions_permission_id_84c5c92e; Type: INDEX; Schema: public; Owner: postgres
--

CREATE INDEX auth_group_permissions_permission_id_84c5c92e ON public.auth_group_permissions USING btree (permission_id);


--
-- Name: auth_permission_content_type_id_2f476e4b; Type: INDEX; Schema: public; Owner: postgres
--

CREATE INDEX auth_permission_content_type_id_2f476e4b ON public.auth_permission USING btree (content_type_id);


--
-- Name: authtoken_token_key_10f0b77e_like; Type: INDEX; Schema: public; Owner: postgres
--

CREATE INDEX authtoken_token_key_10f0b77e_like ON public.authtoken_token USING btree (key varchar_pattern_ops);


--
-- Name: django_admin_log_content_type_id_c4bce8eb; Type: INDEX; Schema: public; Owner: postgres
--

CREATE INDEX django_admin_log_content_type_id_c4bce8eb ON public.django_admin_log USING btree (content_type_id);


--
-- Name: django_admin_log_user_id_c564eba6; Type: INDEX; Schema: public; Owner: postgres
--

CREATE INDEX django_admin_log_user_id_c564eba6 ON public.django_admin_log USING btree (user_id);


--
-- Name: django_session_expire_date_a5c62663; Type: INDEX; Schema: public; Owner: postgres
--

CREATE INDEX django_session_expire_date_a5c62663 ON public.django_session USING btree (expire_date);


--
-- Name: django_session_session_key_c0390e0f_like; Type: INDEX; Schema: public; Owner: postgres
--

CREATE INDEX django_session_session_key_c0390e0f_like ON public.django_session USING btree (session_key varchar_pattern_ops);


--
-- Name: inventory_category_name_c89a8bc0_like; Type: INDEX; Schema: public; Owner: postgres
--

CREATE INDEX inventory_category_name_c89a8bc0_like ON public.inventory_category USING btree (name varchar_pattern_ops);


--
-- Name: inventory_inventory_item_id_c77b66a4; Type: INDEX; Schema: public; Owner: postgres
--

CREATE INDEX inventory_inventory_item_id_c77b66a4 ON public.inventory_inventory USING btree (item_id);


--
-- Name: inventory_itemcopy_inventory_id_7e2c7907; Type: INDEX; Schema: public; Owner: postgres
--

CREATE INDEX inventory_itemcopy_inventory_id_7e2c7907 ON public.inventory_itemcopy USING btree (inventory_id);


--
-- Name: inventory_itemprofiling_category_id_c8ebfbef; Type: INDEX; Schema: public; Owner: postgres
--

CREATE INDEX inventory_itemprofiling_category_id_c8ebfbef ON public.inventory_itemprofiling USING btree (category_id);


--
-- Name: inventory_itemprofiling_name_ac9e16e3_like; Type: INDEX; Schema: public; Owner: postgres
--

CREATE INDEX inventory_itemprofiling_name_ac9e16e3_like ON public.inventory_itemprofiling USING btree (name varchar_pattern_ops);


--
-- Name: posts_post_author_id_fe5487bf; Type: INDEX; Schema: public; Owner: postgres
--

CREATE INDEX posts_post_author_id_fe5487bf ON public.posts_post USING btree (author_id);


--
-- Name: transactions_inquiry_inquirer_id_b845f463; Type: INDEX; Schema: public; Owner: postgres
--

CREATE INDEX transactions_inquiry_inquirer_id_b845f463 ON public.transactions_inquiry USING btree (inquirer_id);


--
-- Name: transactions_inquiry_post_id_ce254bce; Type: INDEX; Schema: public; Owner: postgres
--

CREATE INDEX transactions_inquiry_post_id_ce254bce ON public.transactions_inquiry USING btree (post_id);


--
-- Name: transactions_reserveditem_inquiry_id_1234ef06; Type: INDEX; Schema: public; Owner: postgres
--

CREATE INDEX transactions_reserveditem_inquiry_id_1234ef06 ON public.transactions_reserveditem USING btree (inquiry_id);


--
-- Name: transactions_reserveditem_inventory_id_7f6b0ee8; Type: INDEX; Schema: public; Owner: postgres
--

CREATE INDEX transactions_reserveditem_inventory_id_7f6b0ee8 ON public.transactions_reserveditem USING btree (inventory_id);


--
-- Name: transactions_reserveditem_item_id_c8b70e96; Type: INDEX; Schema: public; Owner: postgres
--

CREATE INDEX transactions_reserveditem_item_id_c8b70e96 ON public.transactions_reserveditem USING btree (item_id);


--
-- Name: transactions_transaction_inquiry_id_e30e889b; Type: INDEX; Schema: public; Owner: postgres
--

CREATE INDEX transactions_transaction_inquiry_id_e30e889b ON public.transactions_transaction USING btree (inquiry_id);


--
-- Name: transactions_transaction_participant_id_4d49e62e; Type: INDEX; Schema: public; Owner: postgres
--

CREATE INDEX transactions_transaction_participant_id_4d49e62e ON public.transactions_transaction USING btree (participant_id);


--
-- Name: transactions_transactionitem_inventory_id_f6242bdf; Type: INDEX; Schema: public; Owner: postgres
--

CREATE INDEX transactions_transactionitem_inventory_id_f6242bdf ON public.transactions_transactionitem USING btree (inventory_id);


--
-- Name: transactions_transactionitem_item_id_05efdd5b; Type: INDEX; Schema: public; Owner: postgres
--

CREATE INDEX transactions_transactionitem_item_id_05efdd5b ON public.transactions_transactionitem USING btree (item_id);


--
-- Name: transactions_transactionitem_transaction_id_acaa499e; Type: INDEX; Schema: public; Owner: postgres
--

CREATE INDEX transactions_transactionitem_transaction_id_acaa499e ON public.transactions_transactionitem USING btree (transaction_id);


--
-- Name: users_department_name_5512a143_like; Type: INDEX; Schema: public; Owner: postgres
--

CREATE INDEX users_department_name_5512a143_like ON public.users_department USING btree (name varchar_pattern_ops);


--
-- Name: users_user_department_id_626c0154; Type: INDEX; Schema: public; Owner: postgres
--

CREATE INDEX users_user_department_id_626c0154 ON public.users_user USING btree (department_id);


--
-- Name: users_user_email_243f6e77_like; Type: INDEX; Schema: public; Owner: postgres
--

CREATE INDEX users_user_email_243f6e77_like ON public.users_user USING btree (email varchar_pattern_ops);


--
-- Name: users_user_groups_group_id_9afc8d0e; Type: INDEX; Schema: public; Owner: postgres
--

CREATE INDEX users_user_groups_group_id_9afc8d0e ON public.users_user_groups USING btree (group_id);


--
-- Name: users_user_groups_user_id_5f6f5a90; Type: INDEX; Schema: public; Owner: postgres
--

CREATE INDEX users_user_groups_user_id_5f6f5a90 ON public.users_user_groups USING btree (user_id);


--
-- Name: users_user_user_permissions_permission_id_0b93982e; Type: INDEX; Schema: public; Owner: postgres
--

CREATE INDEX users_user_user_permissions_permission_id_0b93982e ON public.users_user_user_permissions USING btree (permission_id);


--
-- Name: users_user_user_permissions_user_id_20aca447; Type: INDEX; Schema: public; Owner: postgres
--

CREATE INDEX users_user_user_permissions_user_id_20aca447 ON public.users_user_user_permissions USING btree (user_id);


--
-- Name: auth_group_permissions auth_group_permissio_permission_id_84c5c92e_fk_auth_perm; Type: FK CONSTRAINT; Schema: public; Owner: postgres
--

ALTER TABLE ONLY public.auth_group_permissions
    ADD CONSTRAINT auth_group_permissio_permission_id_84c5c92e_fk_auth_perm FOREIGN KEY (permission_id) REFERENCES public.auth_permission(id) DEFERRABLE INITIALLY DEFERRED;


--
-- Name: auth_group_permissions auth_group_permissions_group_id_b120cbf9_fk_auth_group_id; Type: FK CONSTRAINT; Schema: public; Owner: postgres
--

ALTER TABLE ONLY public.auth_group_permissions
    ADD CONSTRAINT auth_group_permissions_group_id_b120cbf9_fk_auth_group_id FOREIGN KEY (group_id) REFERENCES public.auth_group(id) DEFERRABLE INITIALLY DEFERRED;


--
-- Name: auth_permission auth_permission_content_type_id_2f476e4b_fk_django_co; Type: FK CONSTRAINT; Schema: public; Owner: postgres
--

ALTER TABLE ONLY public.auth_permission
    ADD CONSTRAINT auth_permission_content_type_id_2f476e4b_fk_django_co FOREIGN KEY (content_type_id) REFERENCES public.django_content_type(id) DEFERRABLE INITIALLY DEFERRED;


--
-- Name: authtoken_token authtoken_token_user_id_35299eff_fk_users_user_user_id; Type: FK CONSTRAINT; Schema: public; Owner: postgres
--

ALTER TABLE ONLY public.authtoken_token
    ADD CONSTRAINT authtoken_token_user_id_35299eff_fk_users_user_user_id FOREIGN KEY (user_id) REFERENCES public.users_user(user_id) DEFERRABLE INITIALLY DEFERRED;


--
-- Name: django_admin_log django_admin_log_content_type_id_c4bce8eb_fk_django_co; Type: FK CONSTRAINT; Schema: public; Owner: postgres
--

ALTER TABLE ONLY public.django_admin_log
    ADD CONSTRAINT django_admin_log_content_type_id_c4bce8eb_fk_django_co FOREIGN KEY (content_type_id) REFERENCES public.django_content_type(id) DEFERRABLE INITIALLY DEFERRED;


--
-- Name: django_admin_log django_admin_log_user_id_c564eba6_fk_users_user_user_id; Type: FK CONSTRAINT; Schema: public; Owner: postgres
--

ALTER TABLE ONLY public.django_admin_log
    ADD CONSTRAINT django_admin_log_user_id_c564eba6_fk_users_user_user_id FOREIGN KEY (user_id) REFERENCES public.users_user(user_id) DEFERRABLE INITIALLY DEFERRED;


--
-- Name: inventory_inventory inventory_inventory_item_id_c77b66a4_fk_inventory; Type: FK CONSTRAINT; Schema: public; Owner: postgres
--

ALTER TABLE ONLY public.inventory_inventory
    ADD CONSTRAINT inventory_inventory_item_id_c77b66a4_fk_inventory FOREIGN KEY (item_id) REFERENCES public.inventory_itemprofiling(id) DEFERRABLE INITIALLY DEFERRED;


--
-- Name: inventory_itemcopy inventory_itemcopy_inventory_id_7e2c7907_fk_inventory; Type: FK CONSTRAINT; Schema: public; Owner: postgres
--

ALTER TABLE ONLY public.inventory_itemcopy
    ADD CONSTRAINT inventory_itemcopy_inventory_id_7e2c7907_fk_inventory FOREIGN KEY (inventory_id) REFERENCES public.inventory_inventory(id) DEFERRABLE INITIALLY DEFERRED;


--
-- Name: inventory_itemprofiling inventory_itemprofil_category_id_c8ebfbef_fk_inventory; Type: FK CONSTRAINT; Schema: public; Owner: postgres
--

ALTER TABLE ONLY public.inventory_itemprofiling
    ADD CONSTRAINT inventory_itemprofil_category_id_c8ebfbef_fk_inventory FOREIGN KEY (category_id) REFERENCES public.inventory_category(id) DEFERRABLE INITIALLY DEFERRED;


--
-- Name: posts_post posts_post_author_id_fe5487bf_fk_users_user_user_id; Type: FK CONSTRAINT; Schema: public; Owner: postgres
--

ALTER TABLE ONLY public.posts_post
    ADD CONSTRAINT posts_post_author_id_fe5487bf_fk_users_user_user_id FOREIGN KEY (author_id) REFERENCES public.users_user(user_id) DEFERRABLE INITIALLY DEFERRED;


--
-- Name: transactions_inquiry transactions_inquiry_inquirer_id_b845f463_fk_users_user_user_id; Type: FK CONSTRAINT; Schema: public; Owner: postgres
--

ALTER TABLE ONLY public.transactions_inquiry
    ADD CONSTRAINT transactions_inquiry_inquirer_id_b845f463_fk_users_user_user_id FOREIGN KEY (inquirer_id) REFERENCES public.users_user(user_id) DEFERRABLE INITIALLY DEFERRED;


--
-- Name: transactions_inquiry transactions_inquiry_post_id_ce254bce_fk_posts_post_id; Type: FK CONSTRAINT; Schema: public; Owner: postgres
--

ALTER TABLE ONLY public.transactions_inquiry
    ADD CONSTRAINT transactions_inquiry_post_id_ce254bce_fk_posts_post_id FOREIGN KEY (post_id) REFERENCES public.posts_post(id) DEFERRABLE INITIALLY DEFERRED;


--
-- Name: transactions_reserveditem transactions_reserve_inquiry_id_1234ef06_fk_transacti; Type: FK CONSTRAINT; Schema: public; Owner: postgres
--

ALTER TABLE ONLY public.transactions_reserveditem
    ADD CONSTRAINT transactions_reserve_inquiry_id_1234ef06_fk_transacti FOREIGN KEY (inquiry_id) REFERENCES public.transactions_inquiry(id) DEFERRABLE INITIALLY DEFERRED;


--
-- Name: transactions_reserveditem transactions_reserve_inventory_id_7f6b0ee8_fk_inventory; Type: FK CONSTRAINT; Schema: public; Owner: postgres
--

ALTER TABLE ONLY public.transactions_reserveditem
    ADD CONSTRAINT transactions_reserve_inventory_id_7f6b0ee8_fk_inventory FOREIGN KEY (inventory_id) REFERENCES public.inventory_inventory(id) DEFERRABLE INITIALLY DEFERRED;


--
-- Name: transactions_reserveditem transactions_reserve_item_id_c8b70e96_fk_inventory; Type: FK CONSTRAINT; Schema: public; Owner: postgres
--

ALTER TABLE ONLY public.transactions_reserveditem
    ADD CONSTRAINT transactions_reserve_item_id_c8b70e96_fk_inventory FOREIGN KEY (item_id) REFERENCES public.inventory_itemcopy(id) DEFERRABLE INITIALLY DEFERRED;


--
-- Name: transactions_transaction transactions_transac_inquiry_id_e30e889b_fk_transacti; Type: FK CONSTRAINT; Schema: public; Owner: postgres
--

ALTER TABLE ONLY public.transactions_transaction
    ADD CONSTRAINT transactions_transac_inquiry_id_e30e889b_fk_transacti FOREIGN KEY (inquiry_id) REFERENCES public.transactions_inquiry(id) DEFERRABLE INITIALLY DEFERRED;


--
-- Name: transactions_transactionitem transactions_transac_inventory_id_f6242bdf_fk_inventory; Type: FK CONSTRAINT; Schema: public; Owner: postgres
--

ALTER TABLE ONLY public.transactions_transactionitem
    ADD CONSTRAINT transactions_transac_inventory_id_f6242bdf_fk_inventory FOREIGN KEY (inventory_id) REFERENCES public.inventory_inventory(id) DEFERRABLE INITIALLY DEFERRED;


--
-- Name: transactions_transactionitem transactions_transac_item_id_05efdd5b_fk_inventory; Type: FK CONSTRAINT; Schema: public; Owner: postgres
--

ALTER TABLE ONLY public.transactions_transactionitem
    ADD CONSTRAINT transactions_transac_item_id_05efdd5b_fk_inventory FOREIGN KEY (item_id) REFERENCES public.inventory_itemcopy(id) DEFERRABLE INITIALLY DEFERRED;


--
-- Name: transactions_transaction transactions_transac_participant_id_4d49e62e_fk_users_use; Type: FK CONSTRAINT; Schema: public; Owner: postgres
--

ALTER TABLE ONLY public.transactions_transaction
    ADD CONSTRAINT transactions_transac_participant_id_4d49e62e_fk_users_use FOREIGN KEY (participant_id) REFERENCES public.users_user(user_id) DEFERRABLE INITIALLY DEFERRED;


--
-- Name: transactions_transactionitem transactions_transac_transaction_id_acaa499e_fk_transacti; Type: FK CONSTRAINT; Schema: public; Owner: postgres
--

ALTER TABLE ONLY public.transactions_transactionitem
    ADD CONSTRAINT transactions_transac_transaction_id_acaa499e_fk_transacti FOREIGN KEY (transaction_id) REFERENCES public.transactions_transaction(id) DEFERRABLE INITIALLY DEFERRED;


--
-- Name: users_staff users_staff_user_id_3631488f_fk_users_user_user_id; Type: FK CONSTRAINT; Schema: public; Owner: postgres
--

ALTER TABLE ONLY public.users_staff
    ADD CONSTRAINT users_staff_user_id_3631488f_fk_users_user_user_id FOREIGN KEY (user_id) REFERENCES public.users_user(user_id) DEFERRABLE INITIALLY DEFERRED;


--
-- Name: users_user users_user_department_id_626c0154_fk_users_department_id; Type: FK CONSTRAINT; Schema: public; Owner: postgres
--

ALTER TABLE ONLY public.users_user
    ADD CONSTRAINT users_user_department_id_626c0154_fk_users_department_id FOREIGN KEY (department_id) REFERENCES public.users_department(id) DEFERRABLE INITIALLY DEFERRED;


--
-- Name: users_user_groups users_user_groups_group_id_9afc8d0e_fk_auth_group_id; Type: FK CONSTRAINT; Schema: public; Owner: postgres
--

ALTER TABLE ONLY public.users_user_groups
    ADD CONSTRAINT users_user_groups_group_id_9afc8d0e_fk_auth_group_id FOREIGN KEY (group_id) REFERENCES public.auth_group(id) DEFERRABLE INITIALLY DEFERRED;


--
-- Name: users_user_groups users_user_groups_user_id_5f6f5a90_fk_users_user_user_id; Type: FK CONSTRAINT; Schema: public; Owner: postgres
--

ALTER TABLE ONLY public.users_user_groups
    ADD CONSTRAINT users_user_groups_user_id_5f6f5a90_fk_users_user_user_id FOREIGN KEY (user_id) REFERENCES public.users_user(user_id) DEFERRABLE INITIALLY DEFERRED;


--
-- Name: users_user_user_permissions users_user_user_perm_permission_id_0b93982e_fk_auth_perm; Type: FK CONSTRAINT; Schema: public; Owner: postgres
--

ALTER TABLE ONLY public.users_user_user_permissions
    ADD CONSTRAINT users_user_user_perm_permission_id_0b93982e_fk_auth_perm FOREIGN KEY (permission_id) REFERENCES public.auth_permission(id) DEFERRABLE INITIALLY DEFERRED;


--
-- Name: users_user_user_permissions users_user_user_perm_user_id_20aca447_fk_users_use; Type: FK CONSTRAINT; Schema: public; Owner: postgres
--

ALTER TABLE ONLY public.users_user_user_permissions
    ADD CONSTRAINT users_user_user_perm_user_id_20aca447_fk_users_use FOREIGN KEY (user_id) REFERENCES public.users_user(user_id) DEFERRABLE INITIALLY DEFERRED;


--
-- PostgreSQL database dump complete
--

